"start_id","iteration","theta1","theta2","theta3","theta4","theta5","theta6","theta7","theta8","theta9","theta10","theta11","theta12","objective"
"baseline_zeros",1,0,0,0,0,0,0,0,0,0,0,0,0,7285.65265219278
"baseline_zeros",2,0.1,0,0,0,0,0,0,0,0,0,0,0,7292.75592081424
"baseline_zeros",3,0,0.1,0,0,0,0,0,0,0,0,0,0,7392.43674470263
"baseline_zeros",4,0,0,0.1,0,0,0,0,0,0,0,0,0,7353.90128036884
"baseline_zeros",5,0,0,0,0.1,0,0,0,0,0,0,0,0,7378.46821912215
"baseline_zeros",6,0,0,0,0,0.1,0,0,0,0,0,0,0,7304.615088451
"baseline_zeros",7,0,0,0,0,0,0.1,0,0,0,0,0,0,7287.70420914137
"baseline_zeros",8,0,0,0,0,0,0,0.1,0,0,0,0,0,7259.77097719993
"baseline_zeros",9,0,0,0,0,0,0,0,0.1,0,0,0,0,7373.90886246574
"baseline_zeros",10,0,0,0,0,0,0,0,0,0.1,0,0,0,7328.39973844158
"baseline_zeros",11,0,0,0,0,0,0,0,0,0,0.1,0,0,7220.14157077643
"baseline_zeros",12,0,0,0,0,0,0,0,0,0,0,0.1,0,7231.29799723751
"baseline_zeros",13,0,0,0,0,0,0,0,0,0,0,0,0.1,7284.09390235294
"baseline_zeros",14,0.0166666666666667,-0.1,0.0166666666666667,0.0166666666666667,0.0166666666666667,0.0166666666666667,0.0166666666666667,0.0166666666666667,0.0166666666666667,0.0166666666666667,0.0166666666666667,0.0166666666666667,7202.47058037856
"baseline_zeros",15,0.025,-0.2,0.025,0.025,0.025,0.025,0.025,0.025,0.025,0.025,0.025,0.025,7099.68633427912
"baseline_zeros",16,0.0208333333333333,-0.0333333333333333,0.0208333333333333,-0.0958333333333333,0.0208333333333333,0.0208333333333333,0.0208333333333333,0.0208333333333333,0.0208333333333333,0.0208333333333333,0.0208333333333333,0.0208333333333333,7175.47154851009
"baseline_zeros",17,0.015625,-0.025,0.015625,-0.046875,0.015625,0.015625,0.015625,0.015625,0.015625,0.015625,0.015625,0.015625,7226.66835341418
"baseline_zeros",18,0.0243055555555556,-0.0388888888888889,0.0243055555555556,-0.0118055555555556,0.0243055555555556,0.0243055555555556,0.0243055555555556,-0.0923611111111111,0.0243055555555556,0.0243055555555556,0.0243055555555556,0.0243055555555556,7154.09932546384
"baseline_zeros",19,0.0182291666666667,-0.0291666666666667,0.0182291666666667,-0.00885416666666667,0.0182291666666667,0.0182291666666667,0.0182291666666667,-0.0442708333333333,0.0182291666666667,0.0182291666666667,0.0182291666666667,0.0182291666666667,7207.03556634113
"baseline_zeros",20,0.0283564814814815,-0.0453703703703704,-0.0883101851851852,-0.0137731481481481,0.0283564814814815,0.0283564814814815,0.0283564814814815,-0.00775462962962963,0.0283564814814815,0.0283564814814815,0.0283564814814815,0.0283564814814815,7131.51465102544
"baseline_zeros",21,0.0212673611111111,-0.0340277777777778,-0.0412326388888889,-0.0103298611111111,0.0212673611111111,0.0212673611111111,0.0212673611111111,-0.00581597222222222,0.0212673611111111,0.0212673611111111,0.0212673611111111,0.0212673611111111,7188.33063300666
"baseline_zeros",22,0.0330825617283951,-0.0529320987654321,-0.00302854938271605,-0.0160686728395062,0.0330825617283951,0.0330825617283951,0.0330825617283951,-0.00904706790123457,-0.0835841049382716,0.0330825617283951,0.0330825617283951,0.0330825617283951,7129.48378588216
"baseline_zeros",23,0.0248119212962963,-0.0396990740740741,-0.00227141203703704,-0.0120515046296296,0.0248119212962963,0.0248119212962963,0.0248119212962963,-0.00678530092592593,-0.0376880787037037,0.0248119212962963,0.0248119212962963,0.0248119212962963,7178.5889027179
"baseline_zeros",24,0.0385963220164609,-0.0617541152263375,-0.00353330761316873,-0.0187467849794239,-0.0780703446502058,0.0385963220164609,0.0385963220164609,-0.0105549125514403,0.00248521090534979,0.0385963220164609,0.0385963220164609,0.0385963220164609,7123.84233785567
"baseline_zeros",25,0.0289472415123457,-0.0463155864197531,-0.00264998070987654,-0.0140600887345679,-0.0335527584876543,0.0289472415123457,0.0289472415123457,-0.00791618441358025,0.00186390817901235,0.0289472415123457,0.0289472415123457,0.0289472415123457,7168.49786815207
"baseline_zeros",26,-0.0716376243141289,-0.0720464677640604,-0.00412219221536351,-0.0218712491426612,0.00891793124142661,0.0450290423525377,0.0450290423525377,-0.012314064643347,0.00289941272290809,0.0450290423525377,0.0450290423525377,0.0450290423525377,7106.85625281997
"baseline_zeros",27,-0.0287282182355967,-0.0540348508230453,-0.00309164416152264,-0.0164034368569959,0.00668844843106996,0.0337717817644033,0.0337717817644033,-0.00923554848251029,0.00217455954218107,0.0337717817644033,0.0337717817644033,0.0337717817644033,7153.0347292699
"baseline_zeros",28,0.0164227716335162,-0.0840542123914038,-0.00480922425125743,-0.0255164573331047,0.0104042531149977,-0.0641327839220393,0.0525338827446274,-0.0143664087505716,0.00338264817672611,0.0525338827446273,0.0525338827446273,0.0525338827446273,7081.36633605922
"baseline_zeros",29,0.0246341574502743,-0.126081318587106,-0.00721383637688615,-0.0382746859996571,0.0156063796724966,-0.146199175883059,0.078800824116941,-0.0215496131258573,0.00507397226508916,0.078800824116941,0.078800824116941,0.078800824116941,6978.84191334797
"baseline_zeros",30,0.0205284645418953,-0.105067765489255,-0.00601153031407179,-0.0318955716663809,0.0130053163937471,0.0115006867641175,0.0656673534307842,-0.0179580109382145,0.00422831022090764,0.0656673534307842,0.0656673534307842,0.0656673534307842,7032.24804423774
"baseline_zeros",31,0.0153963484064215,-0.078800824116941,-0.00450864773555384,-0.0239216787497857,0.00975398729531036,0.00862551507308813,0.0492505150730881,-0.0134685082036608,0.00317123266568073,0.0492505150730881,0.0492505150730881,0.0492505150730881,7095.41563656914
"baseline_zeros",32,0.0239498752988778,-0.122579059737464,-0.00701345203308376,-0.0372115002774444,0.0151728691260383,0.0134174678914704,0.0766119123359149,-0.0209510127612502,0.00493302859105891,0.0766119123359149,0.0766119123359149,-0.0400547543307518,6991.82422546826
"baseline_zeros",33,0.0179624064741584,-0.0919342948030979,-0.00526008902481282,-0.0279086252080833,0.0113796518445287,0.0100631009186028,0.0574589342519362,-0.0157132595709376,0.00369977144329418,0.0574589342519362,0.0574589342519362,-0.00504106574806384,7064.70805351626
"baseline_zeros",34,0.0279415211820241,-0.143008903027041,-0.00818236070526438,-0.0434134169903518,0.0177016806470447,0.0156537125400488,-0.027286102274766,-0.0244428482214586,0.00575520002290206,0.0893805643919007,0.0893805643919007,0.0532694532807896,6967.18900206907
"baseline_zeros",35,0.0419122817730362,-0.214513354540562,-0.0122735410578966,-0.0651201254855276,0.0265525209705671,0.0234805688100733,-0.090929153412149,-0.0366642723321878,0.00863280003435309,0.134070846587851,0.134070846587851,0.0799041799211844,6815.89733070698
"baseline_zeros",36,0.0349269014775302,-0.178761128783801,-0.0102279508815805,-0.0542667712379397,0.0221271008088059,0.019567140675061,0.0575590388232092,-0.0305535602768232,0.00719400002862758,0.111725705489876,-0.0049409611767908,0.066586816600987,6927.34641049111
"baseline_zeros",37,0.0261951761081476,-0.134070846587851,-0.00767096316118536,-0.0407000784284548,0.0165953256066044,0.0146753555062958,0.0431692791174069,-0.0229151702076174,0.00539550002147068,0.0837942791174069,0.0212942791174069,0.0499401124507402,7004.59355470252
"baseline_zeros",38,0.0407480517237852,-0.208554650247768,-0.0119326093618439,-0.0633112331109297,0.0258149509436069,0.0228283307875712,0.0671522119604107,-0.0356458203229604,0.00839300003339884,0.0136799897381885,0.0942355452937441,0.0776846193678181,6891.64873492076
"baseline_zeros",39,0.0305610387928389,-0.156415987685826,-0.00894945702138292,-0.0474834248331972,0.0193612132077052,0.0171212480906784,0.050364158970308,-0.0267343652422203,0.00629475002504913,0.0352599923036414,0.0706766589703081,0.0582634645258636,6974.34799599596
"baseline_zeros",40,0.0232338381221939,-0.204424869733507,-0.0382269331443734,0.037942450259471,0.0058118872119858,0.00232749702994419,0.0540386917315903,-0.0658923459323427,-0.0145137221832569,0.0916544324723311,0.0856359139538125,0.0663265003735656,6892.5980717562
"baseline_zeros",41,0.0226337119249787,-0.161651985633464,-0.0234618665249467,0.00449850436126989,0.00956724874232269,0.00695395610579148,0.0457373521320261,-0.0442109261159237,-0.00567695830410935,0.0739491576875816,0.0694352687986927,0.0549532086135075,6962.65061098065
"baseline_zeros",42,0.0195829963277447,-0.226458644318722,-0.0521212368165838,-0.0377939932158024,-0.000742613067498041,-0.00480773494654659,0.0555219922053739,0.0517135593752298,-0.0244558240286145,0.0994070230695714,0.0923854181312998,0.0698577689543451,6863.00870716952
"baseline_zeros",43,0.0207636361346974,-0.179566205461263,-0.033014538723549,-0.0312968838007407,0.00551942908826536,0.00247058767897895,0.0477178830429193,0.0156948917536446,-0.012265479132572,0.0806316561910674,0.0753654524873638,0.0584697156046477,6937.68356568053
"baseline_zeros",44,0.014069822876196,-0.250158541828632,0.0665259953189238,-0.0398298748011522,-0.00964338808492056,-0.0143860302771439,0.0559986514000967,-0.0229815572721084,-0.0373088008728898,0.107197854074994,0.0990059816470103,0.0727237242738964,6834.75999680105
"baseline_zeros",45,0.0176414875275173,-0.198961498964067,0.0278169501928966,-0.0333156931379012,-0.000143420693320046,-0.00370040233748752,0.0490881089204429,-0.0191748253614887,-0.020892480284297,0.0874875109266157,0.0813436066056281,0.0616319135757927,6912.91938218185
"baseline_zeros",46,0.00617495282058253,-0.275467887277437,-0.00716321636660533,-0.0414945504367352,-0.0214904599673867,-0.0270235425249806,0.0550919194318,-0.0240115338956491,0.0823443362244269,0.114824322552513,0.105267138053199,0.074604504451233,6801.40807628951
"baseline_zeros",47,-0.00727885163332374,-0.38673578153344,-0.00923054985854996,-0.0542074892353496,-0.0487769708152776,-0.0570765946516684,0.0660965982835025,-0.0314937668928564,0.165308556805776,0.155695202964572,0.141359426215601,0.095365475812652,6640.83047976177
"baseline_zeros",48,-0.00698466974244741,-0.320809481867715,-0.00760799851038286,-0.0447265556728051,0.0945446753837021,-0.0484827889244013,0.0541615385215745,-0.025993498302346,0.0234122446975432,0.128827042422466,0.116880561798323,0.0785522697958657,6719.88229750526
"baseline_zeros",49,0.00441057819727966,-0.256045640207371,-0.00658932578607932,-0.0382316129994598,0.0513909203752251,-0.0267130111891858,0.0502702343952961,-0.0221338518646196,0.0181804862494949,0.106269362320965,0.0973095018528578,0.0685632828510145,6822.19314606151
"baseline_zeros",50,0.114024769016756,-0.351977631680602,-0.00760008162402463,-0.0454113092645918,0.0218275235157823,-0.0705008144733013,0.0492509008803371,-0.0265142518202725,0.0264168482090908,0.136360655431377,0.122423094703211,0.0777067540336769,6669.99138825906
"baseline_zeros",51,0.0676091706840348,-0.281994840701466,-0.00673060927185935,-0.0395262942341091,0.0186001254471934,-0.0416183502668416,0.0481954362483872,-0.0229642050260411,0.0205374893375451,0.113527752161667,0.103074581615543,0.0695373261133921,6781.33894321671
"baseline_zeros",52,0.0322246062054197,-0.249353704724762,-0.0421556207767256,-0.104017776618018,0.00521670867650597,-0.0663885745329805,0.0733217600462643,-0.0724140251003316,0.00455240230018069,0.174949807022478,0.158689319506284,0.106520255391827,6613.80765605583
"baseline_zeros",53,0.0358369093081296,-0.274030557087143,-0.0757334311650884,-0.168526664927027,-0.00467493698524104,-0.112082861799471,0.0974826400693965,-0.121121037650497,-0.00567139654972896,0.249924710533717,0.225533979259426,0.147280383087741,6374.23997253699
"baseline_zeros",54,0.0392475491245635,-0.372446404501822,-0.0227644072711566,-0.0698940538284118,0.0142646833862608,-0.0734865193910293,0.0379569543885822,-0.0466498519474976,0.0236741409508336,0.164992013108849,0.144666403713607,0.0794550735705361,6563.5655210844
"baseline_zeros",55,0.0345677779788964,-0.30560174474868,-0.0185761880318854,-0.060394433287904,0.0139498416381324,-0.0522397178522426,0.0448845541491327,-0.0394768916951768,0.0188126832683521,0.140160848189333,0.124916641142901,0.0760081435355981,6682.57059435673
"baseline_zeros",56,0.0383757506718619,-0.39657966771434,-0.0243876447584901,-0.0700252174758428,0.0119457663640067,-0.0898872983987989,0.0205699024922294,-0.0479399899888365,0.0260929413073115,0.168777470999208,0.145064260038091,0.205095485982287,6530.99059393063
"baseline_zeros",57,0.0347692818286159,-0.328079515720121,-0.0200440965771385,-0.0618217881762432,0.0127525420545146,-0.0640611068262316,0.0345804049531507,-0.0411927456819399,0.0208029631282483,0.145736081333384,0.127951173112547,0.143807925904027,6648.57755273198
"baseline_zeros",58,0.0399817340573966,-0.43816046705257,-0.0270495618116217,-0.0742537869996611,0.0109021535994668,0.0791146582897739,0.00867583710708461,-0.0517397857680592,0.0294551591403183,0.181584667031893,0.153919254243923,0.107289017845485,6467.17285482813
"baseline_zeros",59,0.0361448399056161,-0.360140679936204,-0.0220906304529378,-0.0652590117496601,0.0120782101177243,0.0227861997465657,0.0262070838595487,-0.0441922426075087,0.023359862421511,0.155888706303155,0.135139646712178,0.100166969413349,6598.17732935299
"baseline_zeros",60,0.0305314621267852,-0.428713879900669,-0.0268390491286009,-0.0615928710549987,0.00251060792826764,-0.0767270719992274,0.0217704221147957,-0.046266876198966,0.0310453245620616,0.16030294591596,0.264137742107774,0.126286725568855,6444.69277896168
"baseline_zeros",61,0.0316303219644715,-0.366225692121452,-0.0226862745668458,-0.059761346100734,0.0074147311484022,-0.0526535188306553,0.0307175762918991,-0.0423385472184303,0.0250824934287031,0.148158635809439,0.196868066286633,0.111361748326888,6567.4938118992
"baseline_zeros",62,0.0434407961495534,-0.44043164064549,0.00305791380348752,-0.170391312771488,0.0182756083111347,-0.0726631898589724,0.0199127242702821,-0.00765717892121705,0.0603462212314992,0.191815637840777,0.203311171669498,0.136540412662158,6401.98217852591
"baseline_zeros",63,0.0383890566427135,-0.381429947917494,-0.00726329793347772,-0.118307872013748,0.0151596780363475,-0.0539155181367433,0.0284442161356092,-0.0222159706739985,0.0416312353778102,0.166775336498665,0.173892357240576,0.11898693459001,6527.71900187478
"baseline_zeros",64,0.0263753732855901,-0.474948025197516,-0.0207379894514868,-0.0869843093445134,-0.00298401252589839,-0.10907927705769,-0.00107404390689306,-0.0332389309636421,0.0460983692145269,0.299479355258684,0.212890811392192,0.134991592550296,6324.56208257653
"baseline_zeros",65,0.0191890340664926,-0.60814471267239,-0.0251406794963082,-0.0988208474613052,-0.017383494260651,-0.175033080980321,-0.035187171840545,-0.0320354862839829,0.0649510538050909,0.442379038018932,0.272218444441416,0.163645079141534,6034.59014757051
"baseline_zeros",66,0.0474747683047553,-0.520658375852174,0.0239473975566324,-0.122672691613891,0.0208000712863477,-0.109814102329201,-0.00456201815950932,-0.134556484938368,0.0938483395821578,0.270914324418861,0.244713109606322,0.1584496613283,6236.11182195755
"baseline_zeros",67,0.0405018253105026,-0.447108442968811,0.00493023896332836,-0.101453017014369,0.0154144001978863,-0.0835625104835376,0.0104589844317115,-0.0879889738599684,0.0642722986794647,0.228037499081539,0.206631186737567,0.136301688234811,6387.82441966526
"baseline_zeros",68,0.0585554326610639,-0.542041784012854,-0.101796267539257,-0.134443946163998,0.0347747561989816,-0.116140485673947,-0.0151321222808331,-0.0784571895687395,0.128560839835608,0.290409571804083,0.262377067417164,0.169871362184483,6148.16961141175
"baseline_zeros",69,0.0474340302148469,-0.469070973466799,-0.0597157018247119,-0.110790428323286,0.023670220128006,-0.0907018718247461,0.00265057113939932,-0.0645882814945817,0.0870934296584833,0.244606642371811,0.221534295974625,0.145584452706836,6320.43759346519
"baseline_zeros",70,0.0334868322455616,-0.63227504287964,-0.0379171855759968,-0.120707665592701,-5.07803184369715e-05,-0.177277260508501,0.144428521053298,-0.0717399607147519,0.102607245561907,0.289593033493932,0.248696572614542,0.177685436914411,6062.55512416858
"baseline_zeros",71,0.0355931946274303,-0.52783462079487,-0.0315062744464718,-0.106810780565907,0.00660004500381404,-0.127087803178857,0.0855891024369366,-0.0629710386191109,0.0791136341800187,0.250712486767411,0.220040141107869,0.153240122666105,6249.10833333516
"baseline_zeros",72,0.08912903409238,-0.577889842387807,-0.0476342593011129,-0.153764753725406,-0.0838088440152618,-0.126779648038043,0.0143823262081957,-0.0900351451466614,0.101026967709444,0.321631169504561,0.287856192540106,0.195559541559488,6047.91832897998
"baseline_zeros",73,0.0651006081336732,-0.513619752257784,-0.0376276941034304,-0.126505204212256,-0.0392204641655209,-0.107205433259632,0.0243271292865404,-0.0740247334355826,0.0816232869564691,0.273430137734037,0.24511228485466,0.166307723618582,6214.5223171699
"baseline_zeros",74,-0.036029693820886,-0.584373727692788,-0.0543145391336525,-0.171138907543755,-0.0286977534025161,-0.114141428083266,0.0134815347374095,-0.100101207183133,0.110457384114622,0.344975975507847,0.309885842608034,0.216047188575978,5995.56754472445
"baseline_zeros",75,-0.111056925239707,-0.700571775698882,-0.0776717678884664,-0.234002706683336,-0.0539603918616653,-0.135961734888249,-0.00440314833405425,-0.136894684864563,0.152477652067388,0.449283635546082,0.403617216560445,0.285217405847129,5666.43149328174
"baseline_zeros",76,0.0679775812281298,-0.601921576867524,-0.0640909405707799,-0.192308597147662,0.0410428374208126,-0.140713171277663,-0.0151141204353487,-0.1126885117725,-0.0305728086051275,0.374572833404903,0.334659142819784,0.230030455136082,5859.47685959743
"baseline_zeros",77,0.0491634730127664,-0.548125128034003,-0.0503758428927224,-0.157783320169584,0.01858788536179,-0.119804027121164,0.00518855924436412,-0.0923898255525894,0.0183975327475984,0.31985342579482,0.286334213668738,0.196364210305225,6053.36919258923
"baseline_zeros",78,0.0262395191541703,-0.654456815960092,-0.0574448387081105,-0.197024456441141,-0.0175357911083005,-0.135507688519407,0.00418034432224983,-0.108538870022026,0.102020448990488,0.400206159976635,0.363017621839475,0.27103675430579,5819.23737344042
"baseline_zeros",79,0.0294915266467686,-0.583954213095524,-0.048774730848872,-0.165241855787959,-0.00958567248466021,-0.120002396237313,0.0126244968388329,-0.0930666155033941,0.0824338719805745,0.341402623259689,0.308429817308008,0.223141334121976,6003.93261039292
"baseline_zeros",80,0.0250886123539233,-0.6733030774552,-0.0613311335457137,-0.21805983262126,-0.0201304669980976,-0.126710307865072,0.0188358031902727,-0.117348545319552,0.112256233247873,0.434992150249182,0.398945325815221,0.156386553281289,5736.03273717379
"baseline_zeros",81,0.028410396933408,-0.604122225019985,-0.0520952613489078,-0.181051178834905,-0.0121114086575716,-0.117504555498504,0.0192693280157619,-0.0999964064868734,0.0907154102627327,0.368438480436688,0.335475059370939,0.168563786456539,5932.36001061109
"baseline_zeros",82,0.0210004420178097,-0.670912713184074,-0.0643828117815975,-0.237798937367708,-0.0242589576664852,-0.330016425579453,0.0324231962559488,-0.124483542798912,0.122694194432792,0.464419534752712,0.430928010204605,0.262375943990725,5681.41269471152
"baseline_zeros",83,0.0257457650277064,-0.612724651651198,-0.0550494992891035,-0.196912649775696,-0.0154686798499972,-0.227733654612146,0.0264863564687328,-0.106297603541199,0.0993844356096736,0.393710817822507,0.361675821214435,0.223604212454415,5874.24362701547
"baseline_zeros",84,0.0288622105969252,-0.720725772549876,-0.0708506182401177,-0.279827531031155,-0.0203290062610781,-0.216389587553822,0.0211040736050966,-0.142992563467996,0.13637884065617,0.536387354008102,0.348507900356893,0.266059772671,5567.33213784252
"baseline_zeros",85,0.0280275848319952,-0.866731718874479,-0.0928564027958761,-0.388944861019233,-0.031748813355751,-0.28622084533112,0.0207708993502471,-0.191355407102511,0.189045598703225,0.724429558054173,0.390692979481452,0.335946296222072,5132.79878276792
"baseline_zeros",86,0.0133840080212306,-0.78005802484322,-0.116733300605433,-0.20745468068929,-0.0444314102550928,-0.256046412272769,0.0231048006296044,-0.212218632109294,0.12852784023202,0.593643648785518,0.440564772097162,0.289040399504349,5423.18964002793
"baseline_zeros",87,0.0208982050533113,-0.695151428793787,-0.0867854970032031,-0.19818883870984,-0.0287546556135359,-0.21020060666932,0.0223067815397738,-0.161078268812275,0.11148243548189,0.493186646049333,0.381251371990246,0.250915402793801,5658.59079990901
"baseline_zeros",88,0.0172457446481713,-1.03079701969425,-0.0447752672102483,-0.215807331160794,-0.0281069438370257,-0.240620665411153,-0.0668614217428087,-0.113937705789813,0.216911997476874,0.592821065801212,0.45418042998019,0.301927098481534,5231.69281299291
"baseline_zeros",89,0.0218935358131609,-0.84160540404247,-0.0525148081989583,-0.203987164602353,-0.0222489421240795,-0.208486214508233,-0.0257754062897574,-0.115733538754984,0.161266148970223,0.507096976984338,0.397018817299999,0.263265419633086,5527.37419807445
"baseline_zeros",90,0.000569715042114942,-0.869192308236227,-0.155909873393116,-0.277183744398415,-0.0617331212958433,-0.264690518728415,0.0248000025555472,-0.097065795310517,0.137902870994106,0.625482575479793,0.469912519695605,0.314670726433181,5238.00969641582
"baseline_zeros",91,0.012295978357775,-0.782058825140214,-0.110945555655679,-0.238555981202284,-0.0410998231502956,-0.225971414628611,0.0174594973767831,-0.10643846771748,0.126889238141119,0.53684051271456,0.413612667173284,0.275615460156961,5486.33821906584
"baseline_zeros",92,-0.0201752355840185,-0.902333987446109,-0.0391851426062028,-0.289202456220711,-0.0917924524576147,-0.28312247422608,0.0420254608162677,-0.156266524970442,0.104747375933739,0.661832828707189,0.48683780393117,0.327382252951781,5177.13897414636
"baseline_zeros",93,-0.000492568522747894,-0.812260936587796,-0.0548379238394664,-0.250512828706532,-0.0601506502934656,-0.241376977088047,0.0277360650419925,-0.136814191120016,0.110700741909206,0.568977014481412,0.430722619802669,0.288004530259957,5417.51787963741
"baseline_zeros",94,-0.00405031314011287,-0.857110552673735,-0.103275550741164,-0.331021201896676,-0.0722571946300591,-0.239626568344457,-0.134602359224036,-0.177071514533711,0.131057658602745,0.724689332886217,0.54020850395323,0.344517647561415,5115.91081647027
"baseline_zeros",95,-0.0228188858329501,-0.969528307570783,-0.135954733323748,-0.436177970048664,-0.10836040178587,-0.270801222262435,-0.274117799362703,-0.22973729144319,0.145282865123164,0.942237482582359,0.685964469622575,0.427933752884916,4658.94620613755
"baseline_zeros",96,-0.078350501641153,-0.976768830696064,-0.108278556019821,-0.34503298315118,0.00740894277166437,-0.31412777651898,-0.0526395186407493,-0.182060021151223,0.140013919357494,0.796085582388554,0.567400263541411,0.365372578137243,4902.72115480065
"baseline_zeros",97,-0.0364806177077697,-0.877049083619,-0.0931174818401437,-0.297215925794737,-0.0153955039250672,-0.267290744398746,-0.035884057428513,-0.159053802150082,0.130267181445482,0.677471979167556,0.497514245791085,0.322919318992804,5183.76088799527
"baseline_zeros",98,-0.0246670908998731,-1.00795131341543,-0.144628448578544,-0.441012245363594,-0.0548843341442272,-0.289056792833145,-0.00597874505870934,-0.265063769158441,0.188600310853915,0.734288804602453,0.6322349814901,0.430908290387814,4750.57119410971
"baseline_zeros",99,-0.0137030596582817,-0.907999663229668,-0.114756506307985,-0.355464395888022,-0.0455091241733332,-0.260550864869939,-0.0132808517541682,-0.206806698439827,0.157687996591709,0.661311362956573,0.542230847227929,0.364092487576244,5058.31894939229
"baseline_zeros",100,-0.0888964167495109,-1.08184607197828,-0.119101105505366,-0.388975103713226,-0.129298527753197,-0.348100639461717,-0.0245292339011324,-0.209806619900914,0.320653026507307,0.86204767108274,0.619390256223451,0.398002553601888,4739.95028973005
"baseline_zeros",101,-0.0496779172551007,-0.961864948200588,-0.10534856427172,-0.339808477071835,-0.0867131864596949,-0.296253772415704,-0.0221754555346865,-0.18552709286881,0.232846567729199,0.740178961663281,0.548207477872535,0.356009528985437,5006.72308366219
"population_informed",1,0,0,0,0,0,0,-1.78168832088335,-0.0968003791484071,0.229787984342463,1.64915916592438,2.99546355862957,-6.90775527898214,5628.75830654369
"population_informed",2,0.690775527898214,0,0,0,0,0,-1.78168832088335,-0.0968003791484071,0.229787984342463,1.64915916592438,2.99546355862957,-6.90775527898214,5651.41223679875
"population_informed",3,0,0.690775527898214,0,0,0,0,-1.78168832088335,-0.0968003791484071,0.229787984342463,1.64915916592438,2.99546355862957,-6.90775527898214,6415.49237342944
"population_informed",4,0,0,0.690775527898214,0,0,0,-1.78168832088335,-0.0968003791484071,0.229787984342463,1.64915916592438,2.99546355862957,-6.90775527898214,6090.87224560076
"population_informed",5,0,0,0,0.690775527898214,0,0,-1.78168832088335,-0.0968003791484071,0.229787984342463,1.64915916592438,2.99546355862957,-6.90775527898214,6241.29485505966
"population_informed",6,0,0,0,0,0.690775527898214,0,-1.78168832088335,-0.0968003791484071,0.229787984342463,1.64915916592438,2.99546355862957,-6.90775527898214,5716.90269366987
"population_informed",7,0,0,0,0,0,0.690775527898214,-1.78168832088335,-0.0968003791484071,0.229787984342463,1.64915916592438,2.99546355862957,-6.90775527898214,5640.79422089784
"population_informed",8,0,0,0,0,0,0,-1.09091279298514,-0.0968003791484071,0.229787984342463,1.64915916592438,2.99546355862957,-6.90775527898214,5535.02326072074
"population_informed",9,0,0,0,0,0,0,-1.78168832088335,0.593975148749807,0.229787984342463,1.64915916592438,2.99546355862957,-6.90775527898214,5937.41552476687
"population_informed",10,0,0,0,0,0,0,-1.78168832088335,-0.0968003791484071,0.920563512240677,1.64915916592438,2.99546355862957,-6.90775527898214,5801.05443772316
"population_informed",11,0,0,0,0,0,0,-1.78168832088335,-0.0968003791484071,0.229787984342463,2.33993469382259,2.99546355862957,-6.90775527898214,5528.27486141552
"population_informed",12,0,0,0,0,0,0,-1.78168832088335,-0.0968003791484071,0.229787984342463,1.64915916592438,3.68623908652779,-6.90775527898214,5608.7109082102
"population_informed",13,0,0,0,0,0,0,-1.78168832088335,-0.0968003791484071,0.229787984342463,1.64915916592438,2.99546355862957,-6.21697975108392,5628.75793332747
"population_informed",14,0.115129254649702,-0.690775527898214,0.115129254649702,0.115129254649702,0.115129254649702,0.115129254649702,-1.66655906623365,0.0183288755012952,0.344917238992165,1.76428842057408,3.11059281327927,-6.79262602433244,4902.90099457341
"population_informed",15,0.172693881974553,-1.38155105579643,0.172693881974553,0.172693881974553,0.172693881974553,0.172693881974553,-1.60899443890879,0.0758935028261463,0.402481866317016,1.82185304789893,3.16815744060412,-6.73506139700758,4010.53830812404
"population_informed",16,0.143911568312128,-0.230258509299405,0.143911568312128,-0.661993214235788,0.143911568312128,0.143911568312128,-1.63777675257122,0.0471111891637207,0.373699552654591,1.79307073423651,3.1393751269417,-6.76384371067001,4929.21602629614
"population_informed",17,0.107933676234096,-0.172693881974553,0.107933676234096,-0.323801028702288,0.107933676234096,0.107933676234096,-1.67375464464925,0.0111332970856888,0.337721660576559,1.75709284215848,3.10339723486367,-6.79982160274804,5231.94728667747
"population_informed",18,0.167896829697483,-0.268634927515972,-0.638007952850434,-0.0815498887102058,0.167896829697483,0.167896829697483,-1.61379149118587,0.0710964505490754,0.397684814039945,1.81705599562186,3.16336038832705,-6.73985844928465,4726.73703211152
"population_informed",19,0.125922622273112,-0.201476195636979,-0.305812082663272,-0.0611624165326543,0.125922622273112,0.125922622273112,-1.65576569861024,0.0291222431247048,0.355710606615575,1.77508178819749,3.12138618090268,-6.78183265670902,5101.67257910157
"population_informed",20,0.195879634647063,-0.313407415435301,-0.0535670837606254,-0.0951415368285734,0.195879634647063,0.195879634647063,-1.58580868623628,-0.70682552704926,0.425667618989526,1.84503880057144,3.19134319327663,-6.71187564433508,4944.93300585011
"population_informed",21,0.146909725985297,-0.235055561576476,-0.040175312820469,-0.0713561526214301,0.146909725985297,0.146909725985297,-1.63477859489805,-0.381625358099494,0.37669771032776,1.79606889190968,3.14237328461487,-6.76084555299684,5138.66288480202
"population_informed",22,0.228526240421573,-0.365641984674517,-0.0624949310540629,-0.110998459633336,0.228526240421573,0.228526240421573,-1.55316208046177,-0.117720857134522,-0.34759055778388,1.87768540634595,3.22398979905114,-6.67922903856056,4865.21646469294
"population_informed",23,0.17139468031618,-0.274231488505888,-0.0468711982905472,-0.0832488447250017,0.17139468031618,0.17139468031618,-1.61029364056717,-0.112490737637993,-0.0305520402777408,1.82055384624056,3.16685823894575,-6.73636059866596,5072.09837475458
"population_informed",24,0.266613947158502,-0.426582315453604,-0.0729107528964068,-0.129498202905558,-0.539290835389414,0.266613947158502,-1.51507437372484,-0.121207603465541,0.246955213093277,1.91577311308288,3.26207750578807,-6.64114133182363,4796.73706447669
"population_informed",25,0.199960460368877,-0.319936736590203,-0.0546830646723051,-0.0971236521791687,-0.231774244567507,0.199960460368877,-1.58172786051447,-0.115105797386258,0.242663405905573,1.84911962629326,3.19542401899845,-6.70779481861326,5002.46289014509
"population_informed",26,-0.494855177529663,-0.497679368029204,-0.0850625450458079,-0.151081236723151,0.0616028866105644,0.311049605018253,-1.47063871586509,-0.125275474185064,0.249816417885079,1.96020877094263,3.30651316364782,-6.59670567396388,4672.56081238911
"population_informed",27,-0.198447501172694,-0.373259526021903,-0.0637969087843559,-0.113310927542363,0.0462021649579233,0.233287203763689,-1.54840111711966,-0.118156700425899,0.244809309499425,1.88244636968807,3.22875076239326,-6.67446807521845,4907.85226415138
"population_informed",28,0.11344448744694,-0.580625929367405,-0.0992396358867759,-0.176261442843677,0.0718700343789918,-0.443013576693288,-1.41879711502872,-0.13002132335784,0.253154490142182,2.01205037177901,3.3583547644842,-6.54486407312751,4519.43682000743
"population_informed",29,0.0850833655852049,-0.435469447025554,-0.0744297269150819,-0.132196082132757,0.0539025257842438,-0.159566300545412,-1.50951991649238,-0.121716087305481,0.247312863692252,1.92132757031535,3.26763196302054,-6.63558687459117,4790.82599320811
"population_informed",30,0.13235190202143,-0.677396917595306,-0.115779575201238,-0.205638349984289,0.0838483734421571,0.173926355089378,-1.35831524738628,-0.135558147392745,0.257048907775468,2.07253223942145,3.41883663212664,-6.48438220548507,4349.57137043433
"population_informed",31,0.0992639265160724,-0.508047688196479,-0.0868346814009289,-0.154228762488217,0.0628862800816178,0.130444766317033,-1.46415851576055,-0.12586870533166,0.250233676917217,1.96668897104718,3.31299336375237,-6.59022547385934,4659.01772618601
"population_informed",32,0.154410552358335,-0.79029640386119,-0.135076171068112,-0.239911408315004,0.0978231023491832,0.202914080937607,-1.2877530684701,-0.142017775433468,0.261592395014302,2.14309441833763,3.48939881104281,-7.21972480911681,4147.95208650273
"population_informed",33,0.115807914268751,-0.592722302895893,-0.101307128301084,-0.179933556236253,0.0733673267618874,0.152185560703206,-1.41123688157341,-0.130713426362203,0.253641292346342,2.01961060523431,3.3659149979395,-6.96903854460859,4503.30021091349
"population_informed",34,0.180145644418057,-0.922012471171389,-0.15758886624613,-0.279896643034172,0.114126952740714,0.236733094427209,-1.20543052640123,-0.149554008147645,0.266893130126276,2.2254169604065,2.76581657056377,-6.58094420290771,4005.05954420244
"population_informed",35,0.270218466627086,-1.38301870675708,-0.236383299369195,-0.419844964551257,0.171190429111071,0.355099641640813,-0.917301629160168,-0.175930822647264,0.285445703018182,2.51354585764756,2.30560531258176,-6.4175386648705,3337.21830688904
"population_informed",36,0.225182055522572,-1.15251558896424,-0.196986082807663,-0.349870803792715,0.142658690925892,0.295916368034011,-1.86727086032861,-0.162742415397454,0.276169416572229,2.36948140902703,3.34161572412068,-6.4992414338891,3564.96324859076
"population_informed",37,0.168886541641929,-0.864386691723177,-0.147739562105747,-0.262403102844536,0.106994018194419,0.221937276025508,-1.67318134349274,-0.146256906335192,0.264574058514787,2.18940084825137,3.2550776827479,-6.60136989516236,4052.52484458157
"population_informed",38,0.262712398109667,-1.34460152045827,-0.22981709660894,-0.408182604424834,0.166435139413541,0.345235762706346,-1.19075908900461,-0.173732754772295,0.28389965527719,1.68363033366289,3.39930775170253,-6.43115579304026,3357.03908059151
"population_informed",39,0.19703429858225,-1.00845114034371,-0.172362822456705,-0.306136953318625,0.124826354560156,0.25892682202976,-1.3384913969743,-0.154499660866323,0.270371737543508,1.84770642370282,3.29834670343429,-6.55030566452573,3856.3232405038
"population_informed",40,0.0779715573730379,-1.20305978919347,-0.2056250149897,-0.365214578862304,-0.0343519111057756,0.174248816069164,-1.32079712411306,0.525141188508052,0.0643920266780712,2.15162481576261,3.23808887679312,-6.58024878580485,3486.22725219368
"population_informed",41,0.107448576691544,-0.980646695753927,-0.167610532182432,-0.297696318353871,0.023205975332434,0.179656520713638,-1.38705001464387,0.217149509618724,0.154710924755935,2.07497831196482,3.226402455914,-6.61315550043741,3869.9553072516
"population_informed",42,0.118949621884791,-1.44834224197838,-0.461359764279425,0.251100204440492,-0.0120944246738245,0.231273090363605,-1.21599911970177,-0.14912386114754,0.0648088386835863,2.26335189568523,3.30650923476996,-6.49768156532573,3451.19357668277
"population_informed",43,0.125190108491625,-1.14382130880863,-0.310041931131537,0.022826849771422,0.0269070735726636,0.209432709850736,-1.32144352791913,-0.100065098569725,0.142031517176337,2.14578160532305,3.2647257078129,-6.5642221016618,3775.57748156058
"population_informed",44,0.0160721800192154,-1.49340880948724,-0.321430737117461,-0.239544772816323,-0.136812540965836,0.147116226577831,-1.24441996501788,0.0104743511485326,0.854832181866635,2.243014971799,3.23564780194699,-6.55203832522937,3342.31923041084
"population_informed",45,0.0691856951198049,-1.21146710328406,-0.256696785601612,-0.207408194520576,-0.0454778456189838,0.167468730038767,-1.32160549387885,-0.0215744509222311,0.554226496954006,2.15168258043574,3.23273330122303,-6.58383600356217,3653.55166933489
"population_informed",46,-0.0637724879075946,-1.61027289438043,-0.352434912645293,-0.239386124529227,0.698084250582414,0.0891122330774571,-1.23739860363698,0.0359080899152307,0.361599239118371,2.25946757484809,3.19315514456988,-6.57527553086725,3074.50669991646
"population_informed",47,-0.228965705440643,-2.20211818384384,-0.492196992519736,-0.294330085341062,1.31677179356833,0.000361376036934508,-1.09856071859305,0.114465936605617,0.418921252130918,2.43131480573069,3.15869396396078,-6.54234263038906,2464.62954772764
"population_informed",48,-0.0311991263029291,-2.09046749170604,0.236964114030517,-0.322797804829722,0.182375746140658,0.159906774928385,-1.05280969074383,-0.149167716423296,0.214409044520198,2.46056116066058,3.29109452463652,-6.44363911025697,2617.38503295917
"population_informed",49,0.0185748626971738,-1.63500935065852,0.0182210973102791,-0.262485825799843,0.178756017029864,0.16190428862066,-1.19305514085434,-0.0941016746802029,0.260227986900135,2.2996848694009,3.25916099055915,-6.51769394501389,3113.2973483447
"population_informed",50,0.708828889462006,-2.12688773847228,-0.262310183928055,-0.281885884834539,0.308798499149259,-0.0084364720740292,-1.12632429521105,0.0432221679378045,0.356376211780917,2.4008004502928,3.1453719761472,-6.56128079162658,2475.42139034064
"population_informed",51,0.407907872714088,-1.71958564586151,-0.217998274207493,-0.249184722806692,0.246999596014585,0.0714350471990413,-1.21240290037456,0.00109775740708751,0.329736263306958,2.29065253045526,3.18565727302235,-6.57013701221091,2945.9982707903
"population_informed",52,0.19975995815458,-2.30165147865155,-0.275311517760633,-0.274309752379157,0.338019428842543,0.818056227074054,-1.12942042607782,0.0768419323265212,0.370241759796937,2.41375052920873,3.05803324392132,-6.61585851221281,2338.93632858534
"population_informed",53,0.2429176935084,-3.16216425329363,-0.363347458697562,-0.323333907146898,0.471094126074318,1.44859112895773,-0.984732081602365,0.180273560168702,0.428785394624315,2.61460060792358,2.90787248363988,-6.65135573175546,1853.35908124551
"population_informed",54,0.199280175494585,-2.61900837970671,-0.300032892362225,-0.264548771432313,0.390582048551404,0.413560424269447,-1.12763843275627,0.135017374288334,0.394970089971792,2.44361338964998,2.91239068486442,-6.70416930090031,2124.12755839616
"population_informed",55,0.182548107126296,-2.13360551417886,-0.253969563071978,-0.249821166070307,0.313898629774092,0.353651906974429,-1.18530763641377,0.0673734938680646,0.360489794422711,2.35084310209284,3.03900217167998,-6.6492225270465,2509.91363717781
"population_informed",56,0.184699795680389,-2.81089422274841,-0.308229083377704,-0.234381940287816,0.425400477344748,0.419680422309857,-1.17151483905347,0.187649527282691,0.412656218559206,2.42313770595252,2.74566048491851,-5.88290077923249,2069.6220921504
"population_informed",57,0.177127484849875,-2.3057447680266,-0.264940855300306,-0.235764307294613,0.343506133595857,0.365488836966794,-1.20057439640763,0.105232701603651,0.37489026267298,2.3531268840488,2.93159506644959,-6.21710678670357,2381.40984260405
"population_informed",58,0.168417451681809,-2.45786343197183,-0.696152963979078,-0.714833200954435,0.39264746361441,0.491065044662128,-0.777360201972229,-0.0116357469008324,0.27346247263019,2.84459318606681,2.99648569607627,-6.22553742171253,1678.20292419342
"population_informed",59,0.166279236535437,-2.99601962005954,-1.13057638695589,-1.15859674241893,0.502624254434339,0.650250626005916,-0.361543083503946,-0.0554003717643217,0.208952775786777,3.35596325515075,2.91064982381234,-5.970775434065,1053.97642019555
"population_informed",60,0.106112141635936,-2.99414957065324,-0.482071383221567,-0.327056171624869,0.482676915247813,0.426898268264655,-0.268129151081631,0.24489051192829,0.388572148910735,2.46137846595934,2.75119976250832,-6.37327971819366,1895.73277502324
"population_informed",61,0.135879620107595,-2.53374107523099,-0.410800058118091,-0.332759829666831,0.397672359167333,0.394152793206994,-0.667914578393377,0.142982280096854,0.360471465826109,2.43840420172626,2.89880375291141,-6.40477014711752,2088.30134412339
"population_informed",62,0.258012737162619,-3.24212033400064,-0.519506845744841,-0.305352662015708,0.745858988338412,0.590674062262084,-0.639158225125276,-0.489701538073843,0.654379559177004,2.73086066758988,2.77357842412175,-6.25777752167604,2092.02891317896
"population_informed",63,0.213002442215224,-2.73235519779885,-0.441036388056056,-0.320318141227357,0.550806263477365,0.486567750713854,-0.809567949872223,-0.235990856428369,0.506882676052271,2.58605170463306,2.88970603728959,-6.33839533770825,2105.6788863713
"population_informed",64,0.240211858530503,-3.29580089655278,-0.273463276699352,-1.01440958972787,0.849927070741833,0.593549949950723,-0.64781608044049,0.127800565427366,0.752224533920392,2.69705171631803,2.61633626437021,-6.30036073488022,1609.14849011044
"population_informed",65,0.209896299369075,-2.83393623290918,-0.32043739859437,-0.69803214118578,0.634421696887919,0.502980735053943,-0.789861840255809,0.0585694587836392,0.58037061011119,2.58862676115983,2.78887950697014,-6.3496909424916,1823.39671813142
"population_informed",66,0.0926989923757673,-3.72474151408863,-0.51228030771824,-0.456164611746384,0.785312828542517,0.520972975482044,-0.582565609710293,0.202665012418731,0.611187863767322,3.44567684211623,2.39304249954891,-6.34508733080568,1905.60001716476
"population_informed",67,0.135202343809242,-3.12970651568104,-0.441664504940915,-0.444169109915996,0.630593406260273,0.47703867228812,-0.734613979533872,0.108565570620974,0.529365811644789,3.0051652150029,2.64460881258732,-6.36660444636433,1881.44485013041
"population_informed",68,0.359194237764557,-3.8486505094253,-0.440705628513627,-0.658906499538174,1.21646150012625,0.774079585895607,-0.44393706944969,0.0348064430766432,-0.0139890578590973,3.0133172445141,2.45819595107785,-6.19329915213907,1519.80712717959
"population_informed",69,0.273413723328221,-3.25984008444078,-0.410886905664586,-0.554066067857711,0.878142989853225,0.617338746066163,-0.644057793341737,0.0287234200946155,0.203216252072336,2.82074167633533,2.65255891379513,-6.28298394541164,1656.98222349889
"population_informed",70,0.119877246346264,-4.36997924593349,-0.559806787785965,-0.518449896967725,1.08267037521853,0.635926161541757,-0.692161312022322,0.25633449449309,0.505491627509809,2.82608158980997,3.41367021352575,-6.29042556037604,1582.65634845013
"population_informed",71,0.15746255141647,-3.62323911113939,-0.478950915681772,-0.493798663863608,0.854800388691668,0.565719531566521,-0.748446391306784,0.148268165208002,0.450480146386902,2.74794765676936,3.13665398828975,-6.32220383649965,1615.69767278312
"population_informed",72,0.446474234717812,-4.04244908668911,-1.16594935148842,-0.648105738712261,1.22153416303526,0.910455592689747,-0.496545187318413,0.29715509008852,0.625042049839395,2.93998635832184,2.44861028295254,-6.23878952334274,1342.71206738522
"population_informed",73,0.327055894462626,-3.55445368794334,-0.815220985108689,-0.566778755241626,0.961744558811609,0.722818388249407,-0.635611313174766,0.185574388460566,0.522383798509595,2.82013005890653,2.65923134337353,-6.2900019200713,1518.97996536415
"population_informed",74,-0.337279556837822,-4.32528906462568,-0.81728158145658,-0.750054301020398,1.24723402067433,1.23194751715279,-0.318067398202415,0.147087359419206,0.527852522255088,3.08961138669446,2.47820588257608,-6.06739929725915,1513.09608054987
"population_informed",75,-0.0757524452628652,-3.77568873308733,-0.678538732074449,-0.633012196973933,1.01262514029306,0.921851519846086,-0.520131622454574,0.121121061548856,0.484983444636546,2.91740865259405,2.64499740596886,-6.19086967085101,1549.69893460771
"population_informed",76,0.58246272949863,-4.60392043271775,-0.641575537687706,-0.813564136460431,0.22767109743959,1.42841402589447,-0.21574875475531,0.0812804945536588,0.483462693592449,3.16881312808386,2.35146921453172,-6.00718023630836,1474.56381737063
"population_informed",77,0.379605620763812,-4.00346987049927,-0.604230901395714,-0.683755623680589,0.499946271471774,1.07140086343009,-0.436451745714745,0.0895768550666482,0.467327333227066,2.98443854749557,2.55327540188898,-6.14097083482853,1497.84777688379
"population_informed",78,0.218080607564076,-4.51784891235673,-0.890663412066131,-0.9348480112072,1.12670901727121,1.18435724459946,-0.0346894275919323,0.051772910248495,0.522162623021685,3.2773811672369,2.50428558190595,-5.72918872169845,1400.78591514615
"population_informed",79,0.213380499546703,-4.04313877919422,-0.743005782140155,-0.767273201263478,0.942677275091259,0.991658039516958,-0.307926678883016,0.0725840262584549,0.490364489759212,3.06893922284017,2.60631185764557,-5.97293386649892,1450.33757969325
"population_informed",80,0.152692690962952,-4.10735838778881,-0.73304888640373,-0.99896001215572,0.834907082306336,1.10619080366305,-0.422424835634034,0.766737563997729,0.240716997790587,3.08122063923817,2.59821570227933,-6.08748236759312,1159.48914703003
"population_informed",81,0.179022702512869,-3.89104887434177,-0.679663376239008,-0.825558174620717,0.812645058814355,0.977311618312811,-0.476608183006844,0.452627788479836,0.344132638137191,2.99363064632609,2.64205638273994,-6.13005615611385,1297.94032432663
"population_informed",82,0.220671114992276,-4.7546618598811,-1.0151299492752,-1.19736041252826,1.22361669412693,1.39160284050748,0.234780112197404,0.185901171427034,0.453783801613615,3.49862408975646,2.6015595110427,-6.49645604143011,1295.5687557298
"population_informed",83,0.211678285164304,-4.26871995059793,-0.83840473280083,-0.956615794468151,1.02406263993139,1.14862223595807,-0.116793625615315,0.186338260390949,0.443501905850012,3.22975249380548,2.63758475451165,-6.34306722588071,1314.28049163088
"population_informed",84,0.318351931262786,-4.86482522684758,-0.930130743773615,-1.24973688800844,1.28983021937039,1.54516908992649,-0.584787365227933,0.118828630031226,0.488736480045898,3.6332576003825,2.57108019154196,-6.02660648967501,1280.54139365323
"population_informed",85,0.265291983856073,-4.397156312799,-0.818115903635603,-1.01906670891255,1.08804189333974,1.26560138451103,-0.505622811691358,0.150344100505492,0.463695397262108,3.34028781677671,2.61611008428355,-6.11327479680468,1288.99477004648
"population_informed",86,0.319786660331736,-5.01845473368087,-1.05194866185972,-1.26688524606606,1.25178653054295,1.67305042217608,-0.0933314343913686,0.25686408124025,0.341171262045363,3.19415291556887,2.66541637128873,-5.97661543538946,1147.45856840644
"population_informed",87,0.273640581201113,-4.54626767918092,-0.899377622630017,-1.06120621202854,1.09648824947228,1.37404748470409,-0.253652070676995,0.219789453585431,0.38821989944522,3.14690599042738,2.66021448161338,-6.07411268813318,1209.63696520236
"population_informed",88,0.224882805103134,-5.2953787427995,-1.24503257529676,-1.54497900532168,1.54140121147367,0.738907847709537,0.30535344221229,0.197921178537781,0.427149323636012,3.6813095739224,2.36174334817764,-5.57940743393733,1265.7586025601
"population_informed",89,0.229391527204451,-4.76207512042303,-1.02461129614696,-1.23956773077798,1.27382444012383,0.916328668021584,-0.017167938741374,0.193509273945511,0.427558341383088,3.4146323324227,2.4982756320432,-5.84739450839187,1206.08920561836
"population_informed",90,0.225785251526689,-5.40612113685205,-1.46010809386957,-0.891429679582394,1.23321782836982,1.64774547972835,0.0735454646669341,0.261345624698808,0.0495991522503844,3.71845523487873,2.63360279539282,-5.85490805973117,1255.81628321752
"population_informed",91,0.229391903277643,-4.87854107677724,-1.16344688957702,-0.922174657118763,1.13739513896283,1.38419659728394,-0.106794921609922,0.227959359880947,0.225255497667886,3.46310435523856,2.62928616263717,-5.96627122851844,1235.57099968348
"population_informed",92,0.364372306532824,-4.41670309261197,-1.2743712664148,-1.45467683236771,1.0095953178505,1.73008100742768,0.2154517613175,0.12808250653106,0.249626037020647,3.69559582229156,1.70553817108918,-5.81081751225909,1080.17658861056
"population_informed",93,0.303248541486184,-4.40502213094235,-1.09573014675759,-1.22062009851772,1.02786408219251,1.4565422959562,-0.0114515070174558,0.160145503521567,0.313592434642938,3.47821726417116,2.13257118169832,-5.93071952428833,1117.45988959894
"population_informed",94,0.12591832657591,-5.03270725965127,-1.53241669867067,-1.44684861860219,0.841326495896836,1.75126115332918,0.0771256572060655,0.365156568523243,0.813042571536177,3.62207326388367,2.53556947020564,-5.84419698051606,1105.7810918996
"population_informed",95,0.184237304373072,-4.73669307209478,-1.25948893113141,-1.24986308883618,0.935110246954189,1.50696576147078,-0.0531400244578733,0.282569037161593,0.606284664187359,3.46988425904128,2.51622609042369,-5.93147252342182,1113.70029923218
"population_informed",96,0.899591768413911,-4.67397173695516,-1.27502993193007,-1.47183320338359,0.742902721219174,1.37994549476806,0.0171214951935373,0.289220520364686,0.318732666302173,3.63452276790151,2.52512013664566,-5.93289644927213,1049.43102386363
"population_informed",97,1.51802743103978,-4.8483130731199,-1.50390410716681,-1.83272265456519,0.490737071491599,1.45394448357569,0.184715941891513,0.360287100837426,0.214172738325715,3.90697845850504,2.54857726368045,-5.86564502527862,1211.40064391612
"population_informed",98,0.032704321896672,-4.40701558623598,-1.55631170807267,-1.51803487909742,1.84833758175051,1.17540089750531,-0.0463854399287593,0.389684056198738,0.335667490416433,3.63293929981505,2.68079862504235,-5.98073487905023,944.249042283662
"population_informed",99,-0.242174881904307,-4.3085631629951,-2.01367979326515,-1.87027025041591,2.65867082390597,1.04889433331073,0.0382962174845163,0.543885837021277,0.261769888828425,3.86500238568065,2.84546333029767,-5.96751220042116,1055.63263319391
"population_informed",100,0.366190396219993,-4.47461488557688,-1.418165216362,-1.49394881566569,1.0695710893321,1.41796495428462,-0.229394102481608,0.475510164828942,0.265885038886322,3.58363094942505,2.55740109819084,-6.30065075321876,918.582381978861
"population_informed",101,0.440245290547951,-4.45299787218696,-1.68191611850993,-1.77349921789493,1.04100212536255,1.53476880912721,-0.326746439926446,0.687378792119166,0.13774624681864,3.73675584051912,2.58395885633329,-6.58638176897891,948.270874415681
"population_informed_b6",1,0,0,0,0,0,0,-1.78168832088335,-0.0968003791484071,0.229787984342463,1.64915916592438,2.99546355862957,4.49980967033027,5607.79972852673
"population_informed_b6",2,0.449980967033027,0,0,0,0,0,-1.78168832088335,-0.0968003791484071,0.229787984342463,1.64915916592438,2.99546355862957,4.49980967033027,5620.20844005557
"population_informed_b6",3,0,0.449980967033027,0,0,0,0,-1.78168832088335,-0.0968003791484071,0.229787984342463,1.64915916592438,2.99546355862957,4.49980967033027,6135.9890078766
"population_informed_b6",4,0,0,0.449980967033027,0,0,0,-1.78168832088335,-0.0968003791484071,0.229787984342463,1.64915916592438,2.99546355862957,4.49980967033027,5924.40370272981
"population_informed_b6",5,0,0,0,0.449980967033027,0,0,-1.78168832088335,-0.0968003791484071,0.229787984342463,1.64915916592438,2.99546355862957,4.49980967033027,6001.16838667874
"population_informed_b6",6,0,0,0,0,0.449980967033027,0,-1.78168832088335,-0.0968003791484071,0.229787984342463,1.64915916592438,2.99546355862957,4.49980967033027,5646.7310148882
"population_informed_b6",7,0,0,0,0,0,0.449980967033027,-1.78168832088335,-0.0968003791484071,0.229787984342463,1.64915916592438,2.99546355862957,4.49980967033027,5614.87089822544
"population_informed_b6",8,0,0,0,0,0,0,-1.33170735385032,-0.0968003791484071,0.229787984342463,1.64915916592438,2.99546355862957,4.49980967033027,5548.74754618329
"population_informed_b6",9,0,0,0,0,0,0,-1.78168832088335,0.353180587884619,0.229787984342463,1.64915916592438,2.99546355862957,4.49980967033027,5793.37999647077
"population_informed_b6",10,0,0,0,0,0,0,-1.78168832088335,-0.0968003791484071,0.679768951375489,1.64915916592438,2.99546355862957,4.49980967033027,5699.76717522291
"population_informed_b6",11,0,0,0,0,0,0,-1.78168832088335,-0.0968003791484071,0.229787984342463,2.09914013295741,2.99546355862957,4.49980967033027,5518.77988648654
"population_informed_b6",12,0,0,0,0,0,0,-1.78168832088335,-0.0968003791484071,0.229787984342463,1.64915916592438,3.4454445256626,4.49980967033027,5593.72508897241
"population_informed_b6",13,0,0,0,0,0,0,-1.78168832088335,-0.0968003791484071,0.229787984342463,1.64915916592438,2.99546355862957,4.94979063736329,5603.19358926645
"population_informed_b6",14,0.0749968278388378,-0.449980967033027,0.0749968278388378,0.0749968278388378,0.0749968278388378,0.0749968278388378,-1.70669149304451,-0.0218035513095694,0.304784812181301,1.72415599376322,3.07046038646841,4.5748064981691,5149.16915385135
"population_informed_b6",15,0.112495241758257,-0.899961934066053,0.112495241758257,0.112495241758257,0.112495241758257,0.112495241758257,-1.66919307912509,0.0156948626098495,0.342283226100719,1.76165440768264,3.10795880038783,4.61230491208852,4581.84274120742
"population_informed_b6",16,0.0937460347985472,-0.149993655677676,0.0937460347985472,-0.431231760073317,0.0937460347985472,0.0937460347985472,-1.6879422860848,-0.00305434434985992,0.32353401914101,1.74290520072293,3.08920959342812,4.59355570512881,5147.0823316571
"population_informed_b6",17,0.0703095260989104,-0.112495241758257,0.0703095260989104,-0.210928578296731,0.0703095260989104,0.0703095260989104,-1.71137879478444,-0.0264908530494967,0.300097510441373,1.71946869202329,3.06577308472848,4.57011919642918,5350.35881223983
"population_informed_b6",18,0.109370373931638,-0.174992598290621,-0.415607420940226,-0.0531227530525101,0.109370373931638,0.109370373931638,-1.67231794695171,0.0125699947832313,0.339158358274101,1.75852953985602,3.10483393256121,4.6091800442619,5026.70427939239
"population_informed_b6",19,0.0820277804487288,-0.131244448717966,-0.199210323946913,-0.0398420647893826,0.0820277804487288,0.0820277804487288,-1.69966054043462,-0.0147725986996783,0.311815764791191,1.73118694637311,3.0774913390783,4.58183745077899,5265.42111079022
"population_informed_b6",20,0.127598769586911,-0.204158031339058,-0.034894357397237,-0.0619765452279284,0.127598769586911,0.127598769586911,-1.65408955129644,-0.49417940443336,0.357386753929374,1.77675793551129,3.12306232821648,4.62740843991718,5142.28143487899
"population_informed_b6",21,0.0956990771901836,-0.153118523504294,-0.0261707680479278,-0.0464824089209463,0.0956990771901836,0.0956990771901836,-1.68598924369316,-0.282339406353865,0.325487061532646,1.74485824311457,3.09116263581975,4.59550874752045,5281.47698647923
"population_informed_b6",22,0.14886523118473,-0.238184369895568,-0.0407100836301099,-0.0723059694325832,0.14886523118473,0.14886523118473,-1.63282308969862,-0.110428274947826,-0.146324579344672,1.79802439710911,3.1443287898143,4.648674901515,5110.13450714543
"population_informed_b6",23,0.111648923388548,-0.178638277421676,-0.0305325627225824,-0.0542294770744374,0.111648923388548,0.111648923388548,-1.6700393974948,-0.107021300997971,0.0601988033353686,1.76080808931293,3.10711248201812,4.61145859371881,5245.95528496388
"population_informed_b6",24,0.173676103048852,-0.277881764878163,-0.0474950975684615,-0.0843569643380137,-0.351301691823013,0.173676103048852,-1.6080122178345,-0.112699590914395,0.240970960407166,1.82283526897323,3.16913966167842,4.67348577337912,5066.04868906593
"population_informed_b6",25,0.130257077286639,-0.208411323658622,-0.0356213231763461,-0.0632677232535103,-0.150981027109003,0.130257077286639,-1.65143124359671,-0.108724787972898,0.23817521639099,1.77941624321102,3.12572063591621,4.6300667476169,5201.92842879029
"population_informed_b6",26,-0.322355674648204,-0.324195392357856,-0.0554109471632051,-0.0984164583943493,0.0401289932395118,0.20262212022366,-1.57906620065969,-0.11534945954206,0.242834789751283,1.85178128614804,3.19808567885323,4.70243179055393,4983.47922203064
"population_informed_b6",27,-0.129271514227896,-0.243146544268392,-0.0415582103724038,-0.073812343795762,0.0300967449296339,0.151966590167745,-1.6297217307156,-0.110712189443647,0.239573088399078,1.80112575609213,3.14743014879732,4.65177626049801,5138.82003712125
"population_informed_b6",28,0.0738993466101219,-0.378227957750833,-0.0646461050237393,-0.114819201460074,0.0468171587794305,-0.288585321277594,-1.54529584728908,-0.118440972941002,0.24500925731942,1.88555163951865,3.23185603222384,4.73620214392453,4883.02200844025
"population_informed_b6",29,0.0554245099575914,-0.283670968313124,-0.0484845787678044,-0.0861144010950556,0.0351128690845729,-0.103943749199939,-1.60439396568765,-0.113030824492853,0.241203939075181,1.82645352112008,3.17275791382527,4.67710402552597,5062.26904454894
"population_informed_b6",30,0.0862159043784756,-0.441265950709305,-0.0754204558610291,-0.133955735036753,0.0546200185760022,0.113298092209167,-1.50589710169003,-0.122047738573101,0.247546136148913,1.9249503851177,3.27125477782288,4.77560088952358,4769.80419651511
"population_informed_b6",31,0.0646619282838567,-0.330949463031979,-0.0565653418957718,-0.100466801277565,0.0409650139320017,0.0849735691568752,-1.57484490648836,-0.115735898716928,0.2431065981973,1.85600258031937,3.20230697302456,4.70665308472525,4975.31203726534
"population_informed_b6",32,0.100585221774888,-0.514810275827522,-0.0879905318378673,-0.156281690876212,0.063723355005336,0.132181107577361,-1.45993189849115,-0.12625563181055,0.250505828116654,1.97091558831658,3.31721998102177,4.2965882978506,4637.16271954693
"population_informed_b6",33,0.0754389163311661,-0.386107706870642,-0.0659928988784005,-0.117211268157159,0.047792516254002,0.0991358306830211,-1.5403710040892,-0.118891818645014,0.245326367173106,1.89047648271853,3.23678087542372,4.45988888272877,4874.02276410379
"population_informed_b6",34,0.117349425404036,-0.600611988465443,-0.102655620477512,-0.182328639355581,0.074343914172892,0.154211292173588,-1.40630582809245,-0.131164840587574,0.25395880207902,2.02454165871528,2.84586825654861,4.71269903613702,4520.29415564055
"population_informed_b6",35,0.176024138106054,-0.900917982698164,-0.153983430716268,-0.273492959033371,0.111515871259338,0.231316938260383,-1.21861458169699,-0.148347071307158,0.266044210947298,2.21223290511074,2.54608012199161,4.81914371904039,4039.43038494172
"population_informed_b6",36,0.146686781755045,-0.750764985581803,-0.12831952559689,-0.227910799194476,0.092929892716115,0.192764115216985,-1.83743799976658,-0.139755955947366,0.260001506513159,2.11838728191301,3.22095198414197,4.76592137758871,4248.32164144657
"population_informed_b6",37,0.110015086316284,-0.563073739186352,-0.0962396441976674,-0.170933099395857,0.0696974195370862,0.144573086412739,-1.71100533828752,-0.129017061747626,0.252448125970485,2.00108025291585,3.16457987776387,4.6993934507741,4575.43935232882
"population_informed_b6",38,0.171134578714219,-0.87589248317877,-0.149706113196371,-0.265895932393555,0.108418208168801,0.22489146775315,-1.39674864588076,-0.146915218747192,0.265037093541608,1.67161417303925,3.25853338839404,4.81027332879844,4110.64141535684
"population_informed_b6",39,0.128350934035665,-0.656919362384078,-0.112279584897279,-0.199421949295166,0.0813136561266006,0.168668600814862,-1.49298356463141,-0.134386508847496,0.256224816241822,1.77849566301879,3.19276593095292,4.7326574141814,4449.96027576342
"population_informed_b6",40,0.0902866345682843,-0.846881965417944,-0.284027505994072,0.192891798959722,0.0171175355986292,0.153003005113703,-1.44196240731197,-0.264638065945295,0.161541571143161,2.01596726732645,3.19300798608981,4.75264689794484,4320.73349429781
"population_informed_b6",41,0.09115148462585,-0.672659887982877,-0.189584120795917,0.0368609092014623,0.0362746603986087,0.138188762534914,-1.50345737700518,-0.199242135546436,0.202039683142623,1.94770175067557,3.16705838792439,4.71287409974083,4511.26970362274
"population_informed_b6",42,0.0502152106101488,-0.899838245436376,-0.196909305231093,-0.133885358521058,-0.0351487381877821,0.123384309579804,-1.44046061810292,0.264743883886216,0.0950479725570941,2.02198275450728,3.170812860947,4.73966723949441,4091.78028102167
"population_informed_b6",43,0.0695611003543395,-0.725918191912046,-0.156405568272629,-0.115908155197776,0.00553813875589127,0.124437924581581,-1.4938678514013,0.0750130618063219,0.160632667900164,1.96067654975828,3.15887522776437,4.7116025396001,4370.65685814334
"population_informed_b6",44,0.0125070789165667,-0.976087552803334,-0.217126782598384,-0.133819165831149,-0.0870841946810194,0.0978710277144977,-1.42966666776813,-0.0564785524603117,0.638988064481434,2.03804268580915,3.15396041120464,4.73356616755983,4073.19006486216
"population_informed_b6",45,0.0465966169836075,-0.791611757076392,-0.173022607856316,-0.118440866731508,-0.0280968382145821,0.110619578582056,-1.48045577325075,-0.0699659830821901,0.442659903524908,1.97803811363414,3.15155250585705,4.71234335104862,4307.24697278684
"population_informed_b6",46,-0.0391652969696025,-1.0527577891416,-0.23861371616502,-0.130011871174575,0.457118977850389,0.0604259766279837,-1.42475328128785,-0.0448370634180613,0.318028708741975,2.04909971675102,3.12661966426155,4.71876869472583,3904.99597946759
"population_informed_b6",47,-0.14558599697883,-1.44019580127332,-0.334173025463299,-0.152839324592855,0.861329312687089,0.00380091341754968,-1.33312381301453,-0.0109057996698943,0.356557582909379,2.16223194063991,3.10535966555312,4.74141015539919,3380.82611911057
"population_informed_b6",48,-0.0173522963374672,-1.36651415622626,0.143071006452899,-0.177865511050136,0.121773401888313,0.107136795659515,-1.30391519651445,-0.174019281524542,0.222741181647586,2.18068917933221,3.19101301554408,4.80511277569926,3570.9396396006
"population_informed_b6",49,0.0143283712298092,-1.06863376674235,0.00340139960461773,-0.146679821550729,0.118672644899144,0.107695190227546,-1.39601588412376,-0.127371962447599,0.251845475804215,2.07514926946316,3.16946824479836,4.75612959283992,3951.62772365515
"population_informed_b6",50,0.465207648627498,-1.39103115613709,-0.184045141721438,-0.145813314484261,0.204622184021906,-0.00202917139319722,-1.35130844211559,-0.0558781308629979,0.315715815486454,2.14225541523755,3.09658249203387,4.72897452693146,3453.91409704146
"population_informed_b6",51,0.268316817808572,-1.12432221519228,-0.15188659308188,-0.133964100461783,0.163498886326308,0.0491336515110172,-1.40824788175162,-0.0707459630327634,0.297495559052662,2.06963688296518,3.12195828873871,4.72233884283708,3827.25296213772
"population_informed_b6",52,0.134170677705401,-1.50579912380849,-0.19470982331052,-0.134576256922567,0.2242348560224,0.536937628422123,-1.35274756129062,-0.0423594771177217,0.32532577427949,2.15126902448676,3.0402665486316,4.69399957072867,3323.43713424271
"population_informed_b6",53,0.164306343253041,-2.06958470683732,-0.259741682453911,-0.144454784653814,0.312943704643885,0.949699103271982,-1.2564734182914,-0.00431872920608155,0.365484032759525,2.28412771697081,2.94447180683547,4.67289828413074,2670.57758324766
"population_informed_b6",54,0.134869193082809,-1.71414759020469,-0.214655676905377,-0.117189564948732,0.259485943903809,0.274454383445831,-1.3505756929899,-0.0191312099244526,0.342445211551766,2.1717331675299,2.94640397453465,4.63748372423082,3085.31738529393
"population_informed_b6",55,0.122705870906725,-1.39592718033084,-0.17984687164429,-0.121381107470737,0.208269462571857,0.234165310636665,-1.38940604516493,-0.0448603420866148,0.318720442701053,2.11003747192685,3.02761667535671,4.67201301555401,3480.17006855718
"population_informed_b6",56,0.126213870904383,-1.84049281748266,-0.223196458439791,-0.088348254788026,0.283009705624221,0.279283580722382,-1.37831486193857,0.00293075362734602,0.354808750156543,2.15923756086657,2.83863610358791,5.17331222030051,2970.39555356912
"population_informed_b6",57,0.119806708622009,-1.50907218206888,-0.18939497678931,-0.105331613810073,0.2281881179695,0.242507962436127,-1.39871912107672,-0.0293658427321281,0.328733019646571,2.11215706772907,2.95828207294638,4.95413123968803,3352.61167201222
"population_informed_b6",58,0.116590289112036,-1.61209630648024,-0.479630848735589,-0.390599103513542,0.262656896182294,0.326767503035508,-1.12057397844021,-0.141147092290138,0.265118939515115,2.4347626003645,3.00301016808854,4.95109682409791,2785.656822616
"population_informed_b6",59,0.115566527273591,-1.43406271337669,-0.331599326112128,-0.264825517195592,0.225116482576285,0.273199437716195,-1.25772875361143,-0.101936603565141,0.284410011161516,2.26648555219403,3.02924732616336,4.86639884609557,3197.70969847874
"population_informed_b6",60,0.143182838725966,-1.79271199863873,-0.115708658106847,-0.568244144460551,0.398957829105866,0.315220489333695,-1.29423991210804,0.159767665207533,0.463123489201333,2.2502489628937,2.88629467938634,4.84382982593378,2732.15983042813
"population_informed_b6",61,0.129958787686546,-1.55625449033353,-0.157788370078653,-0.377960158605483,0.303497755729057,0.274666118278697,-1.33117053590902,0.053666232419326,0.38772800968679,2.19167853900188,2.9629730060622,4.82103409393654,3107.58066616501
"population_informed_b6",62,0.086198701034359,-2.06248681398435,-0.269314827255689,-0.204163770517366,0.374150128053338,0.295868774916531,-0.808231305043666,0.0848061587354204,0.398517217612697,2.16980589513725,2.8025744638749,4.84354008768075,2661.08897311187
"population_informed_b6",63,0.0559546606740159,-2.71834772818563,-0.339812478085088,-0.192290256178811,0.51476024572195,0.347421104766304,-0.293627957682207,0.197087216076814,0.467775073162467,2.19551520174937,2.59338570374137,4.88234944272678,2233.54438998264
"population_informed_b6",64,0.0425542510684842,-2.2444351905552,-0.279612633804326,-0.153911024615829,0.426385485526178,0.284163028549226,-1.06506721089639,0.149299160672581,0.427271293854391,2.70389584212937,2.65413511218073,4.81120082212574,2565.48567667813
"population_informed_b6",65,0.074699332979918,-1.90229951371109,-0.247136003652338,-0.181907251560261,0.346893666186833,0.269345138350207,-1.14798756964249,0.0752455658176378,0.386712743776195,2.44582542485684,2.80523468123405,4.81096894879392,2832.31346831733
"population_informed_b6",66,0.162196792582277,-2.44458891915073,-0.246193329865143,-0.289259209504121,0.646874802501754,0.412466639884142,-0.958789670806478,-0.281600729163099,0.652630968388455,2.46717944193169,2.65574268150005,4.89372917520166,2500.92869863316
"population_informed_b6",67,0.134201397089245,-2.05840125072214,-0.233872323706631,-0.250415746758355,0.47636891732937,0.340196057308057,-1.07920740763059,-0.145014575900771,0.513235219430614,2.35588027007558,2.78451022636179,4.85521369127485,2719.3966584906
"population_informed_b6",68,0.224853209886811,-2.61308983950834,-0.230820277042312,-0.315232076139525,0.821136758525453,0.490412523777722,-0.891104121647666,0.00210134439963009,0.110964693781951,2.5226423033169,2.58955884295832,4.92652408174321,2093.6396560839
"population_informed_b6",69,0.331026275371934,-3.43159098286084,-0.237667024264276,-0.405938531293713,1.27524723512869,0.686683271809335,-0.621822848587435,0.031391292829601,-0.15304699156779,2.76494211207077,2.30735805883516,5.02300303883489,1732.00727249498
"population_informed_b6",70,0.087169840241637,-3.11003824297395,-0.307910894515763,-0.197632544980694,0.816491919896655,0.432861002156663,-1.00269091886721,0.123926257269269,0.414060013563573,2.44057028517532,3.15765212164527,4.87492308356173,1943.22574197514
"population_informed_b6",71,0.109383414707741,-2.557758177905,-0.269429028565889,-0.216597648493863,0.640247907737326,0.382474986182593,-1.05667183457465,0.0558579251251625,0.377056062909504,2.38348594015918,3.00475912173185,4.8609782424314,2207.00595710986
"population_informed_b6",72,0.297966630781676,-2.93502941723714,-0.680128981846374,-0.296554498619022,0.922020808935737,0.611328512507054,-0.867186257775215,0.199256057285622,0.489249514849283,2.51542752859436,2.50715907910966,4.90058907821327,1897.45654528593
"population_informed_b6",73,0.21913689900189,-2.54290060198442,-0.474328984771555,-0.266882251726801,0.721958957173881,0.48528058329517,-0.976368492460023,0.105937222583081,0.422622431548859,2.43174294127883,2.67812256321827,4.87672000258477,2157.37297407546
"population_informed_b6",74,-0.212466817157593,-3.16784546084298,-0.435693473692859,-0.353730225874024,0.958738464287782,0.822720760209809,-0.73910598145067,0.123637271315515,0.425197164237552,2.61605664491516,2.50335236713251,5.00532975219471,1893.99704619037
"population_informed_b6",75,-0.0430482007113204,-2.72364188466651,-0.372781390700004,-0.301750998026583,0.770209394221313,0.616533277309057,-0.892156596616901,0.0787584207708865,0.397826827049778,2.49760633749576,2.65165989835785,4.9362409458789,2077.0901912218
"population_informed_b6",76,0.387180025085607,-3.40662242563503,-0.302485664655925,-0.380186032645625,0.318266194222714,0.953377316531105,-0.65828763862442,0.101088785286646,0.39579532703599,2.67171757022534,2.39424064387649,5.0368807231929,1805.8128141587
"population_informed_b6",77,0.253988519569498,-2.9150157695446,-0.310407504857768,-0.323349355632432,0.454031973838808,0.715983215752716,-0.826996682221948,0.0730901390475108,0.385985891004337,2.54434616282899,2.57202039929565,4.96301308124447,1966.46272472545
"population_informed_b6",78,0.148776640357769,-3.41474977594206,-0.436641344505605,-0.459668536905897,0.929906271392479,0.795877668683702,-0.52545441625481,0.129350861409721,0.41879938430764,2.74554707711793,2.4611691131186,5.20737332085495,1758.87508826478
"population_informed_b6",79,0.145299778539029,-2.98959922950771,-0.381144927605548,-0.374048793916606,0.762301189520311,0.665521847374235,-0.731734735438582,0.0922303435761773,0.399710841118672,2.60209359972092,2.58247782847261,5.06490092169892,1906.63321186728
"population_informed_b6",80,0.161192424111759,-3.55078070840731,-0.463674710648827,-0.550396560752915,1.01419860396678,0.877147486067372,-0.355571839692172,0.128358915821651,0.417100951394713,2.85576093648982,2.50602581898712,4.67722167487767,1699.89654452549
"population_informed_b6",81,0.178681700715447,-4.40592465386963,-0.583913836753345,-0.781420713735359,1.37979305313805,1.17607943873987,0.15579967143103,0.191072996918804,0.448247052013797,3.20402262430145,2.33972067668672,4.42917640216625,1651.09019508223
"population_informed_b6",82,0.181164574504675,-4.24481527730797,-0.224620818355988,-0.313282647064368,1.22074077290133,0.971215553038307,-0.40058378154533,0.327806776607292,0.537312114119254,2.70844590098138,2.23110350591953,4.81245033409165,2065.00706800008
"population_informed_b6",83,0.165021003156515,-3.58663553460104,-0.288373325950888,-0.332611761176661,0.98121980372157,0.810103540537607,-0.58058133076905,0.210568309382934,0.469263820468219,2.64002507582716,2.42408017146178,4.84711195659322,1930.42295175852
"population_informed_b6",84,0.158211718962502,-4.3631868411432,-0.617320453625403,-0.0963655422367105,1.18148350241371,1.0652430752741,-0.107974750987672,0.0353587931388545,0.340330952977517,2.95792222394109,2.27078324330097,4.92026435403236,2135.88280820097
"population_informed_b6",85,0.154454498903368,-3.72056813051708,-0.491917504745764,-0.214335192792671,0.985852084086748,0.877737428789002,-0.404541041267763,0.0664610111560241,0.371029087033471,2.78100390867924,2.42466110232231,4.90115572200772,1951.49011422513
"population_informed_b6",86,0.135446240377148,-4.36147803689123,-0.511983399660315,-0.531801636733257,1.3796490234495,0.418770848921988,-0.00375251530037191,0.211241810946153,0.438894585131649,3.00685616848205,2.12597099843297,5.12923880214823,1813.05809908899
"population_informed_b6",87,0.142661266096121,-3.78850470437775,-0.448922970358714,-0.434964923713396,1.1129726937481,0.551502912509486,-0.316932741048128,0.157351675908095,0.420541947038618,2.82617405560424,2.33059620053359,5.01515367264386,1803.06190164489
"population_informed_b6",88,0.273882835066311,-4.44397247214378,-0.520330837735631,-0.569187713287503,1.38063844393753,1.12886357097145,-0.0704696443873312,0.0589660069400762,0.375985766234154,2.60746774556931,2.36238454114653,5.02492840590625,1729.39095461967
"population_informed_b6",89,0.216050689066855,-3.89408815174663,-0.460151286752805,-0.465368541119585,1.14207520433469,0.917688435365897,-0.319119036014597,0.0815492953732024,0.388807148139214,2.63157476970932,2.43532218390508,4.97149650996112,1748.83980684153
"population_informed_b6",90,0.172854633966524,-4.57704933571376,-0.599439726319895,-0.480494279029775,1.28244306720125,1.11995944815109,-0.0286938467407231,0.546627019459619,0.104518558007708,2.86756552970659,2.31188394843495,4.9642665912811,1659.66888693844
"population_informed_b6",91,0.170190173620462,-4.043934231573,-0.511128127206207,-0.432685511648361,1.12355100102637,0.943086246084353,-0.261217802757162,0.33957008230394,0.241546660602895,2.76746900776287,2.39784863170123,4.94663223726124,1680.7086370512
"population_informed_b6",92,0.29858009475687,-4.61307412793354,-0.549091786139085,-0.62549723616358,1.54250476089427,1.31376137383306,-0.64969987470808,0.126195708116841,0.228831700707902,3.25123815788177,2.32732396697589,4.98929918184836,1666.74189548092
"population_informed_b6",93,0.237923736236156,-4.13939252799656,-0.496771959125586,-0.517195491167387,1.28556863210119,1.07217630656637,-0.560681895451612,0.143918585106834,0.288567543821544,2.98730741884867,2.39383940116726,4.96256174706796,1678.84405185645
"population_informed_b6",94,0.224101189169768,-3.7596047251715,-0.406515806377296,-0.671979306778204,1.16418836866405,0.856115707317703,-0.57964659669591,0.266777695864433,0.301878122449303,2.74412182581899,2.47982571250388,4.98518347920753,1517.54077031908
"population_informed_b6",95,0.258924534302968,-3.77912302249871,-0.363814957193062,-0.900801363770971,1.25335651095271,0.845304846582054,-0.667199374409983,0.366936038218637,0.267302640157219,2.72568078438887,2.50740801759467,5.02719735780744,1343.40059595698
"population_informed_b6",96,0.320011630175054,-4.48164874263542,-0.599839760386846,-0.805876757721894,1.40635929803016,1.36973277468761,0.0744185383130707,0.249814079909416,0.234387633684809,3.1320738658585,1.63846067583916,5.03679516336113,1546.47718179363
"population_informed_b6",97,0.2618011826917,-4.13874611772006,-0.526857543919076,-0.653815704536594,1.25889245349678,1.13551483155487,-0.194858825981999,0.218342124249379,0.2793057286545,2.95919797068771,2.01825853729069,4.99632714341128,1598.43430847976
"population_informed_b6",98,0.267992238429933,-4.15422031901407,-0.671288401357715,-0.749775040950132,1.31248799659,1.08576177533166,-0.238524404938066,0.169712989550164,0.140037795649595,3.01462720687856,2.24109604341888,5.0962201581243,1405.35683302867
"population_informed_b6",99,0.242249429611579,-4.01232412291081,-0.575559632506008,-0.645484221006764,1.2296709483729,1.01684721663315,-0.324038636395812,0.179926819508357,0.222344301854251,2.92097667411571,2.2868420754296,5.03394310774153,1516.24239135851
"population_informed_b6",100,0.130050878746148,-5.00902492000745,-0.278059315380786,-0.861369060562956,1.43676485598488,1.36360901383298,0.152857497540958,0.1761013970249,0.0618501480685831,3.22242470049205,2.1136732964892,5.07534821648941,1629.28470821659
"population_informed_b6",101,0.17202981675503,-4.49052604431488,-0.378576731997183,-0.720165420076972,1.3080788442226,1.1755388885015,-0.102153441288085,0.181890062090081,0.168699989763758,3.04567540751763,2.21204474214431,5.03165843192038,1596.67688220262
"population_informed_b6_c1",1,2.07944154167984,0,0,0,0,0,-1.78168832088335,-0.0968003791484071,0.229787984342463,1.64915916592438,2.99546355862957,4.49980967033027,5766.74532823002
"population_informed_b6_c1",2,2.52942250871286,0,0,0,0,0,-1.78168832088335,-0.0968003791484071,0.229787984342463,1.64915916592438,2.99546355862957,4.49980967033027,5838.40942722474
"population_informed_b6_c1",3,2.07944154167984,0.449980967033027,0,0,0,0,-1.78168832088335,-0.0968003791484071,0.229787984342463,1.64915916592438,2.99546355862957,4.49980967033027,6317.12206148153
"population_informed_b6_c1",4,2.07944154167984,0,0.449980967033027,0,0,0,-1.78168832088335,-0.0968003791484071,0.229787984342463,1.64915916592438,2.99546355862957,4.49980967033027,6093.01565331162
"population_informed_b6_c1",5,2.07944154167984,0,0,0.449980967033027,0,0,-1.78168832088335,-0.0968003791484071,0.229787984342463,1.64915916592438,2.99546355862957,4.49980967033027,6161.77644482565
"population_informed_b6_c1",6,2.07944154167984,0,0,0,0.449980967033027,0,-1.78168832088335,-0.0968003791484071,0.229787984342463,1.64915916592438,2.99546355862957,4.49980967033027,5806.20628799542
"population_informed_b6_c1",7,2.07944154167984,0,0,0,0,0.449980967033027,-1.78168832088335,-0.0968003791484071,0.229787984342463,1.64915916592438,2.99546355862957,4.49980967033027,5773.90247853468
"population_informed_b6_c1",8,2.07944154167984,0,0,0,0,0,-1.33170735385032,-0.0968003791484071,0.229787984342463,1.64915916592438,2.99546355862957,4.49980967033027,5745.09396628135
"population_informed_b6_c1",9,2.07944154167984,0,0,0,0,0,-1.78168832088335,0.353180587884619,0.229787984342463,1.64915916592438,2.99546355862957,4.49980967033027,5934.69344051101
"population_informed_b6_c1",10,2.07944154167984,0,0,0,0,0,-1.78168832088335,-0.0968003791484071,0.679768951375489,1.64915916592438,2.99546355862957,4.49980967033027,5850.34270578358
"population_informed_b6_c1",11,2.07944154167984,0,0,0,0,0,-1.78168832088335,-0.0968003791484071,0.229787984342463,2.09914013295741,2.99546355862957,4.49980967033027,5677.1274879626
"population_informed_b6_c1",12,2.07944154167984,0,0,0,0,0,-1.78168832088335,-0.0968003791484071,0.229787984342463,1.64915916592438,3.4454445256626,4.49980967033027,5752.20577402468
"population_informed_b6_c1",13,2.07944154167984,0,0,0,0,0,-1.78168832088335,-0.0968003791484071,0.229787984342463,1.64915916592438,2.99546355862957,4.94979063736329,5762.07813578175
"population_informed_b6_c1",14,2.15443836951867,-0.449980967033027,0.0749968278388378,0.0749968278388378,0.0749968278388378,0.0749968278388378,-1.70669149304451,-0.0218035513095694,0.304784812181301,1.72415599376322,3.07046038646841,4.5748064981691,5302.94549737199
"population_informed_b6_c1",15,2.19193678343809,-0.899961934066053,0.112495241758257,0.112495241758257,0.112495241758257,0.112495241758257,-1.66919307912509,0.0156948626098495,0.342283226100719,1.76165440768264,3.10795880038783,4.61230491208852,4727.34218219308
"population_informed_b6_c1",16,2.17318757647838,-0.149993655677676,0.0937460347985472,-0.431231760073317,0.0937460347985472,0.0937460347985472,-1.6879422860848,-0.00305434434985992,0.32353401914101,1.74290520072293,3.08920959342812,4.59355570512881,5312.40235952568
"population_informed_b6_c1",17,2.14975106777875,-0.112495241758257,0.0703095260989104,-0.210928578296731,0.0703095260989104,0.0703095260989104,-1.71137879478444,-0.0264908530494967,0.300097510441373,1.71946869202329,3.06577308472848,4.57011919642918,5514.49503604854
"population_informed_b6_c1",18,2.18881191561147,-0.174992598290621,-0.415607420940226,-0.0531227530525101,0.109370373931638,0.109370373931638,-1.67231794695171,0.0125699947832313,0.339158358274101,1.75852953985602,3.10483393256121,4.6091800442619,5184.74873339671
"population_informed_b6_c1",19,2.16146932212856,-0.131244448717966,-0.199210323946913,-0.0398420647893826,0.0820277804487288,0.0820277804487288,-1.69966054043462,-0.0147725986996783,0.311815764791191,1.73118694637311,3.0774913390783,4.58183745077899,5425.62574151857
"population_informed_b6_c1",20,2.20704031126675,-0.204158031339058,-0.034894357397237,-0.0619765452279284,0.127598769586911,0.127598769586911,-1.65408955129644,-0.49417940443336,0.357386753929374,1.77675793551129,3.12306232821648,4.62740843991718,5337.89208149313
"population_informed_b6_c1",21,2.17514061887002,-0.153118523504294,-0.0261707680479278,-0.0464824089209463,0.0956990771901836,0.0956990771901836,-1.68598924369316,-0.282339406353865,0.325487061532646,1.74485824311457,3.09116263581975,4.59550874752045,5460.27326266501
"population_informed_b6_c1",22,2.22830677286456,-0.238184369895568,-0.0407100836301099,-0.0723059694325832,0.14886523118473,0.14886523118473,-1.63282308969862,-0.110428274947826,-0.146324579344672,1.79802439710911,3.1443287898143,4.648674901515,5297.57824720807
"population_informed_b6_c1",23,2.19109046506838,-0.178638277421676,-0.0305325627225824,-0.0542294770744374,0.111648923388548,0.111648923388548,-1.6700393974948,-0.107021300997971,0.0601988033353686,1.76080808931293,3.10711248201812,4.61145859371881,5423.37159643209
"population_informed_b6_c1",24,1.72813984985682,-0.277881764878163,-0.0474950975684615,-0.0843569643380137,0.173676103048852,0.173676103048852,-1.6080122178345,-0.112699590914395,0.240970960407166,1.82283526897323,3.16913966167842,4.67348577337912,5193.2943110724
"population_informed_b6_c1",25,1.92846051457083,-0.208411323658622,-0.0356213231763461,-0.0632677232535103,0.130257077286639,0.130257077286639,-1.65143124359671,-0.108724787972898,0.23817521639099,1.77941624321102,3.12572063591621,4.6300667476169,5349.72641392206
"population_informed_b6_c1",26,2.11957053491935,-0.324195392357856,-0.0554109471632051,-0.0984164583943493,-0.322355674648204,0.20262212022366,-1.57906620065969,-0.11534945954206,0.242834789751283,1.85178128614804,3.19808567885323,4.70243179055393,5140.23608955747
"population_informed_b6_c1",27,2.10953828660947,-0.243146544268392,-0.0415582103724038,-0.073812343795762,-0.129271514227896,0.151966590167745,-1.6297217307156,-0.110712189443647,0.239573088399078,1.80112575609213,3.14743014879732,4.65177626049801,5296.90790936512
"population_informed_b6_c1",28,2.12625870045926,-0.378227957750833,-0.0646461050237393,-0.114819201460074,0.0738993466101219,-0.288585321277594,-1.54529584728908,-0.118440972941002,0.24500925731942,1.88555163951865,3.23185603222384,4.73620214392453,5048.18448602543
"population_informed_b6_c1",29,2.11455441076441,-0.283670968313124,-0.0484845787678044,-0.0861144010950556,0.0554245099575914,-0.103943749199939,-1.60439396568765,-0.113030824492853,0.241203939075181,1.82645352112008,3.17275791382527,4.67710402552597,5225.89470017654
"population_informed_b6_c1",30,2.13406156025584,-0.441265950709305,-0.0754204558610291,-0.133955735036753,0.0862159043784756,0.113298092209167,-1.50589710169003,-0.122047738573101,0.247546136148913,1.9249503851177,3.27125477782288,4.77560088952358,4936.16030473695
"population_informed_b6_c1",31,2.12040655561184,-0.330949463031979,-0.0565653418957719,-0.100466801277565,0.0646619282838567,0.0849735691568752,-1.57484490648836,-0.115735898716928,0.2431065981973,1.85600258031937,3.20230697302456,4.70665308472525,5139.78925594796
"population_informed_b6_c1",32,2.14316489668517,-0.514810275827522,-0.0879905318378673,-0.156281690876212,0.100585221774888,0.132181107577361,-1.45993189849115,-0.12625563181055,0.250505828116654,1.97091558831658,3.31721998102177,4.2965882978506,4805.02923471456
"population_informed_b6_c1",33,2.12723405793384,-0.386107706870642,-0.0659928988784005,-0.117211268157159,0.0754389163311661,0.0991358306830211,-1.5403710040892,-0.118891818645014,0.245326367173106,1.89047648271853,3.23678087542372,4.45988888272877,5039.55506862321
"population_informed_b6_c1",34,2.15378545585272,-0.600611988465443,-0.102655620477512,-0.182328639355581,0.117349425404036,0.154211292173588,-1.40630582809245,-0.131164840587574,0.25395880207902,2.02454165871528,2.84586825654861,4.71269903613702,4691.91008017107
"population_informed_b6_c1",35,2.19095741293917,-0.900917982698164,-0.153983430716268,-0.273492959033371,0.176024138106054,0.231316938260383,-1.21861458169699,-0.148347071307158,0.266044210947298,2.21223290511074,2.54608012199161,4.8191437190404,4219.40538957664
"population_informed_b6_c1",36,2.17237143439595,-0.750764985581803,-0.12831952559689,-0.227910799194476,0.146686781755045,0.192764115216985,-1.83743799976658,-0.139755955947366,0.260001506513159,2.11838728191301,3.22095198414197,4.76592137758871,4390.48983756432
"population_informed_b6_c1",37,2.14913896121692,-0.563073739186352,-0.0962396441976674,-0.170933099395857,0.110015086316284,0.144573086412739,-1.71100533828752,-0.129017061747626,0.252448125970485,2.00108025291585,3.16457987776387,4.6993934507741,4726.87317400081
"population_informed_b6_c1",38,2.18785974984863,-0.87589248317877,-0.149706113196371,-0.265895932393555,0.171134578714219,0.22489146775315,-1.39674864588076,-0.146915218747192,0.265037093541608,1.67161417303925,3.25853338839404,4.81027332879845,4273.94865423635
"population_informed_b6_c1",39,2.16075519780643,-0.656919362384078,-0.112279584897279,-0.199421949295166,0.128350934035665,0.168668600814862,-1.49298356463141,-0.134386508847496,0.256224816241822,1.77849566301879,3.19276593095292,4.7326574141814,4612.50602144207
"population_informed_b6_c1",40,2.05706422002537,-0.783690193812998,-0.133947048432324,-0.237905951693231,0.0507917773151926,0.113508147860611,-1.48145726456506,0.308341170818788,0.122046713890069,1.97647241007336,3.15351312883672,4.71315204069175,4370.98496521666
"population_informed_b6_c1",41,2.09455824283571,-0.638807153194513,-0.109183875673552,-0.193923600076906,0.0699935253831223,0.117030803292186,-1.52461533624791,0.107711027005751,0.180881723899895,1.92654379143284,3.14590042868166,4.6917161404981,4622.90609344753
"population_informed_b6_c1",42,2.07156306207156,-0.943470659163601,-0.300536287833253,0.163570231215505,0.0774854691896644,0.15065456815932,-1.41319035952341,-0.130884636736604,0.12231823113661,2.04925301308679,3.19808311952652,4.76693749807393,4307.56477958622
"population_informed_b6_c1",43,2.09696919067327,-0.745101408292119,-0.201965707175303,0.0148697333932994,0.0815506105918851,0.136427434819126,-1.48187834116376,-0.0989270636399177,0.17262217813771,1.97266605999583,3.17086473800192,4.72359204983765,4545.42645389354
"population_informed_b6_c1",44,1.99031991388655,-0.972827659823713,-0.209384536771786,-0.156042859317214,0.010469645804304,0.095833594602235,-1.43170410088039,-0.026920099770101,0.636950631369172,2.03600525269689,3.15192297809237,4.73152873444757,4193.10711986002
"population_informed_b6_c1",45,1.87132648439754,-1.34014930478779,-0.293721763342625,-0.19791130425953,-0.058728146885909,0.0693177763109875,-1.33114460647128,0.0148339878187613,1.02858823672609,2.15499568049078,3.15572007223141,4.77295565091386,3758.16768684301
"population_informed_b6_c1",46,2.51435127598441,-1.11017485482606,-0.243637300462462,-0.162917587732036,-0.0530752677156111,0.0536296682818025,-1.41037037085064,-0.00339318734800516,0.380924637670489,2.06655444941903,3.12487550798708,4.72329617550591,3972.12264880909
"population_informed_b6_c1",47,2.31779841945251,-0.902101582339083,-0.194601749738962,-0.143277431883531,0.00361257497550461,0.0836412769735648,-1.45978083259661,-0.0307197882396027,0.345936218354658,2.00562465430758,3.13594154640992,4.71084357497421,4273.84791586359
"population_informed_b6_c1",48,2.10793577029191,-1.36892773083617,0.153136709655597,-0.212450938130794,-0.0158438122062727,0.10864527979071,-1.30240671238325,-0.131323303400838,0.289698286369618,2.18219766346341,3.19252149967528,4.80662125983046,3702.8202387723
"population_informed_b6_c1",49,2.06749769763214,-1.96589529710894,0.437508774953508,-0.292115030669937,-0.0784509052752283,0.108282732720246,-1.11745109509902,-0.203269952492872,0.264968250417376,2.3940317252671,3.23636528323231,4.90534186761474,2974.65947166228
"population_informed_b6_c1",50,2.16849834476951,-1.49334158756078,-0.124906477101972,-0.19944032816822,0.456533031269066,-0.000329697751881158,-1.3187226077485,-0.0180572645673486,0.389710765003452,2.1793209903579,3.10564968744643,4.74718785971524,3484.77529047638
"population_informed_b6_c1",51,2.15626639230697,-1.20105503876005,-0.10753259461728,-0.174184360724752,0.261810854789748,0.0504082567420042,-1.38380850597629,-0.0423803133110264,0.352991771190409,2.09743606430543,3.12875868529813,4.73599884242491,3879.60924972594
"population_informed_b6_c1",52,2.16885011994796,-1.6251612938028,-0.12571471458781,-0.197141106220519,0.12405029078723,0.538920347670325,-1.31473075452901,0.00176486689386908,0.411653215382653,2.19451219546049,3.05084494327959,4.71524845897641,3306.06242982904
"population_informed_b6_c1",53,2.15820226507579,-1.31342795978981,-0.110447562196792,-0.176560630030408,0.111512554742953,0.332043930433345,-1.37237202771903,-0.0282865930648487,0.369992225866845,2.11727205647503,3.09609771551565,4.72048688021344,3722.76039907654
"population_informed_b6_c1",54,2.16684535343341,-1.75943919135991,-0.123322740204984,-0.188535467841134,0.118039464087003,0.207973976760424,-1.32226844226788,0.0260070667704633,0.436467516425451,2.20004041825191,2.97471122525666,4.66579097495284,3156.70798884039
"population_informed_b6_c1",55,2.15864940513902,-1.42989588119726,-0.111347169118995,-0.174890534640039,0.110083574159871,0.18430500562261,-1.36817560712342,-0.0110066345654278,0.389237171356316,2.13126790996836,3.04884711339822,4.69324345359552,3575.01743402643
"population_informed_b6_c1",56,2.16168875979545,-1.89333301883042,-0.116641365622665,-0.171585141495829,0.106579187075942,0.201723106256073,-1.34528973609623,0.0555920764380813,0.464501439175842,2.19226268670892,2.87166122943026,5.20633734614286,3026.9765431813
"population_informed_b6_c1",57,2.15705779401788,-1.5487023330797,-0.109478657176466,-0.167759278840925,0.105080695750679,0.184337606586395,-1.37395027669496,0.0101301493759234,0.411002536411045,2.13692591211083,2.98305091732814,4.97890008406979,3435.12588372521
"population_informed_b6_c1",58,2.10787553576876,-1.67374320805262,-0.355316573782276,-0.487708804672646,0.0936831579788548,0.236280282824814,-1.08204466495747,-0.0797088823442799,0.393093743370964,2.47329191384724,3.04153948157128,4.98962613758066,2861.38040632615
"population_informed_b6_c1",59,2.06584491193409,-2.0606338450459,-0.589222481552542,-0.787810827888097,0.0842771160891539,0.298172803358093,-0.78847045787366,-0.127410754821345,0.418499002006086,2.82911066692954,3.008329822163,5.17828675032673,2127.22881163724
"population_informed_b6_c1",60,2.10968646440059,-2.04125163311422,-0.191318965753071,-0.24061943516885,0.049090007037751,0.17357952405627,-0.738971820667157,0.077799469733939,0.501791712207346,2.23501293711963,2.89310927082064,4.90473723420348,2818.00901657949
"population_informed_b6_c1",61,2.12535770689943,-1.71862997123111,-0.175569105714026,-0.237442276175256,0.0734892007170746,0.178375671846449,-1.01358836544201,0.0234106133136128,0.441344160783799,2.20585652331797,2.97506994915097,4.87003327004979,3149.20270788807
"population_informed_b6_c1",62,2.23376405283371,-2.21791999809989,-0.195253429137762,-0.231076529916031,0.14470138309803,0.262847387445254,-0.971204981885694,-0.40872127387969,0.703037337883315,2.42001789680032,2.9171474831232,4.98943743668573,2837.87251231966
"population_informed_b6_c1",63,2.18958909463162,-1.85936254702817,-0.179926833961403,-0.232783885360331,0.121223981652321,0.225512577549093,-1.09876805255554,-0.22945566270507,0.557789681885003,2.30913152511858,2.97623889455158,4.92036608768723,3070.02589786805
"population_informed_b6_c1",64,2.24629870924787,-2.27054775590534,-0.0111170466209179,-0.698327173013356,0.129210343541619,0.244399770360868,-0.965807657321063,-0.0158015725148125,0.799552338427892,2.40903144107247,2.82575488636619,4.9727353024055,2498.55030790753
"population_informed_b6_c1",65,2.2026147974538,-1.93877848171991,-0.0834718569240016,-0.482852821956141,0.11627912495363,0.220963469810481,-1.07765333287165,-0.0445723385702603,0.630243811605071,2.31908683407605,2.91883694465627,4.92128585132261,2847.98026498977
"population_informed_b6_c1",66,2.13974184803734,-2.5705684773446,-0.138849043495224,-0.34093288284093,0.0285738614882974,0.173414254534991,-0.910425872870425,0.0220812838678396,0.745919350170607,2.90957315912555,2.69317486716069,4.95647646728217,2446.11330466489
"population_informed_b6_c1",67,2.15177132349017,-2.14689947880314,-0.141563310920511,-0.322173645229086,0.0642140407947779,0.186283557839531,-1.03200656612301,-0.0201678417859184,0.625698786013358,2.60008341260398,2.83451449746903,4.91992568266124,2717.62753214337
"population_informed_b6_c1",68,2.12810825746317,-2.82381806026628,-0.132049328105153,-0.344575843502374,-0.000890744006496968,0.157338336740193,-1.03719515224977,0.0519178622903044,0.824891422635469,2.4851778027232,3.43014392442464,4.97049486841385,2232.47507547474
"population_informed_b6_c1",69,2.14382054633217,-2.34309304087425,-0.137532853757932,-0.326805122385123,0.0433379765216408,0.17583298712024,-1.08255000961157,0.00185162889093887,0.685179619713426,2.41694157832009,3.20912797381638,4.93265708107049,2519.89035009357
"population_informed_b6_c1",70,1.74034055799772,-2.90016838904509,-0.0237974629660745,-0.485427590765431,0.236906082433354,0.352310384795171,-0.783243493329304,-0.0838175133957965,0.784005460073108,2.70062681729894,2.90222660783542,5.10754219409966,2191.29603914914
"population_informed_b6_c1",71,1.93384323749439,-2.45267000549033,-0.0787574223401714,-0.404800090007083,0.164410744896113,0.277640205666829,-0.940025212709639,-0.0637114318838487,0.683235254472453,2.54210872532896,2.95788883287334,5.01148068945122,2428.99366009104
"population_informed_b6_c1",72,2.36153436185129,-2.93019711979291,0.0712743833101799,-0.498353255322255,0.291831333156862,0.38378771151335,-0.771152405518342,-0.118486605431656,0.0955780649086733,2.70312410902855,2.82913313285843,5.11364714255601,1916.21012217914
"population_informed_b6_c1",73,2.60663830057817,-3.72522102729547,0.253772456636582,-0.648574230853618,0.467111073178248,0.541022679114532,-0.491156305041874,-0.185146902056865,-0.370927021000037,2.97718832329743,2.66583966317194,5.28399288837708,1547.97662227803
"population_informed_b6_c1",74,2.13738582744743,-3.14898474364236,-0.0344277473073802,-0.571679881861131,-0.221666838013248,0.543660581720621,-0.645646687123351,-0.113443625960465,0.6076825722974,2.81177668798469,2.80590184693099,5.2288824385316,1956.06791256648
"population_informed_b6_c1",75,2.14516395677795,-2.73507395462197,-0.0570474297560282,-0.478619993437903,-0.0521168706926699,0.407663011852496,-0.813915667279637,-0.0895970356121862,0.553189620473913,2.65366276357799,2.88083880705985,5.10845879382751,2151.80648895945
"population_informed_b6_c1",76,2.13179000351889,-3.27113561237361,-0.018405015274804,-0.636402233082267,0.0531963810018404,0.0052005753067973,-0.538124529108561,-0.152467172897405,0.618411681403989,2.89946289830279,2.8198827417064,5.34642750252963,1916.16691684168
"population_informed_b6_c1",77,2.14105503262616,-2.8596420327309,-0.0452324401030555,-0.52658695136683,0.0709098584481879,0.138630518397679,-0.732276085463673,-0.113909162949587,0.566722064898655,2.72322522259222,2.8776232920997,5.18863274164132,2078.53296640295
"population_informed_b6_c1",78,2.12795221171435,-3.38880711831878,-0.00331070216926702,-0.719652332335174,0.0484000271878745,0.302351379307761,-0.399896189176466,-0.206455079385311,0.623921407857615,3.01050508885319,2.87021171247095,5.509324407816,1878.69948707868
"population_informed_b6_c1",79,2.13767549714412,-2.98146513657906,-0.0333137116781962,-0.586873116211664,0.0658098864126565,0.278757028670927,-0.63048925244932,-0.148339542846367,0.577057934999574,2.80788892120287,2.89633659066738,5.29844104960021,2010.42914935495
"population_informed_b6_c1",80,2.12748604733879,-3.50415897409633,0.00889636715731384,-0.827947190487037,0.0501637775509234,0.325373628654059,-0.21930930419483,-0.279714615023494,0.622457479887519,3.15465655408689,2.97302012213747,5.01927588023817,1848.97248884314
"population_informed_b6_c1",81,2.13603672545296,-3.10145248527985,-0.0224880660376808,-0.663856678239235,0.0642676299321782,0.294460998054563,-0.500804412170179,-0.195887942158101,0.5829684697096,2.9140580872424,2.94768039896066,5.06604124671434,1949.55419206615
"population_informed_b6_c1",82,2.23167516778655,-3.6879739753157,-0.616689174718224,-0.796722661282446,0.256629650373119,0.454995818178856,-0.297457646708003,-0.033593363180978,0.881572206891008,3.07965832033201,2.56442520815294,5.3392603608702,1618.62888842859
"population_informed_b6_c1",83,2.19063080024795,-3.25745430576401,-0.353139687300291,-0.670570753629319,0.172859511461032,0.368317546814204,-0.502456008805758,-0.0760125105089516,0.7274212177726,2.90825167156578,2.73241022692278,5.23078073755633,1808.85558508027
"population_informed_b6_c1",84,2.06506066507712,-3.68095827052739,-0.0541662615570314,-0.952035517264088,0.052132073212376,0.332455901909448,-0.331412537391715,0.234379276655625,0.473258930926352,3.1636122193874,2.82485596243367,5.31346861249662,1500.34220613377
"population_informed_b6_c1",85,1.98070897119883,-4.41247740674113,0.016377322233334,-1.31251501093812,0.00584741826954903,0.367260159141545,-0.0115163151447255,0.555929551923283,0.358369727447871,3.53540938068094,2.7787102020889,5.47548420040206,1379.42381494161
"population_informed_b6_c1",86,2.16764200464327,-4.25283093111755,-0.0234846769439881,-1.12114187463948,0.140536351144621,0.454003871145978,-0.442403114356514,-0.172453119926447,0.650600892475742,3.56534991966165,2.82982766328095,5.4932933093453,1669.05003265815
"population_informed_b6_c1",87,2.1531531195826,-3.69993610661671,-0.065443249146259,-0.901011264771822,0.117674765117904,0.383897784373551,-0.516545290934175,-0.10988997251135,0.613398597408643,3.23276567402614,2.84564806516587,5.34615429055984,1674.43519420515
"population_informed_b6_c1",88,2.01792030902856,-4.35391533752846,-0.205747867796653,-0.73390325373266,0.062303682574587,0.418117641638898,-0.128333187208517,-0.104960668912968,0.328015025263171,3.58405116214033,2.89786084388786,5.51205490896657,1669.17125265208
"population_informed_b6_c1",89,2.07501490908339,-3.83307344212268,-0.157090162502719,-0.725009233552834,0.079030347816345,0.374688173819391,-0.337701804736653,-0.0826708948134288,0.445899353554351,3.29029623187337,2.87983435450744,5.3772250073263,1667.68595656701
"population_informed_b6_c1",90,2.1136893470801,-4.26431211021888,-0.0810560574235968,-1.15531026902374,0.171349579015917,0.522648810678842,-0.0882609603035263,-0.160302221742498,0.33164468075108,3.14696328954522,3.06155077765114,5.59843850076393,1445.16918521401
"population_informed_b6_c1",91,2.12020247231941,-3.84087620200031,-0.0955043039415036,-0.951715922478036,0.135655649634012,0.435340171642879,-0.293802188445251,-0.114706345339913,0.435213348105962,3.0876157569403,2.96945680002853,5.43794799239349,1538.5201689966
"population_informed_b6_c1",92,2.12291978592376,-4.25114486895597,-0.0793568943667412,-1.28678971261585,0.229520905014447,0.599609807463415,0.196664017733521,-0.225508814170429,0.170464817972153,3.68165622708457,2.26314952925829,5.68907737169059,1510.24570600609
"population_informed_b6_c1",93,2.12421690380861,-3.89431316678354,-0.0925300028013442,-1.05123624533748,0.171917992759211,0.48904193978261,-0.111800774762301,-0.156152145055246,0.334071469137982,3.38253662099423,2.55489812804987,5.50943174587141,1533.04596748107
"population_informed_b6_c1",94,2.57445069004355,-4.39995728682897,-0.196868664739264,-1.27949831899453,-0.00950678432855576,0.445854329853144,0.106030277323531,-0.113388655280101,0.109094006851021,3.62971211413977,2.68455399941798,5.64895257560327,1429.6635168681
"population_informed_b6_c1",95,2.36592315703209,-4.025010062383,-0.153600864295967,-1.08098063693726,0.0520964323619217,0.422468343588651,-0.116288165339678,-0.105995869809025,0.277821870156543,3.39744078992956,2.73897215152234,5.51359998022737,1469.20629859517
"population_informed_b6_c1",96,2.33371396579209,-5.62937907112534,0.433948656649416,-1.05906299705628,0.127491531946026,0.524605499039397,0.260340697734085,-0.0674583972643454,0.423032965725533,3.63466183904421,2.52448814796623,5.65665232358896,1767.91435524439
"population_informed_b6_c1",97,2.26674670232759,-4.73719276460548,0.178155872098927,-0.99124995476423,0.116687927981808,0.467997325119071,-0.00186209116785119,-0.0824464866535952,0.421899474795671,3.43327404601554,2.64544856651542,5.5370609302734,1658.23651460155
"population_informed_b6_c1",98,2.28373319609211,-4.80572950935606,-0.0854154743613613,-1.34512228856709,0.489827947047604,0.266507177909944,0.224814359643026,-0.0762593362407462,0.202885545850597,3.75557871099421,2.70017390979565,5.65741971734105,1508.60911988717
"population_informed_b6_c1",99,2.24714635393094,-4.39154331792764,-0.072668542597866,-1.1517616868906,0.311954250782391,0.335795528862613,0.00719909795143149,-0.085555408670676,0.304084802462298,3.51962820524183,2.72660589407948,5.55028539763869,1501.45627876003
"population_informed_b6_c1",100,2.30855507842266,-4.87031325821715,-0.110482127614448,-1.36629317964734,0.258091039662607,0.860066343249737,0.208179472804901,-0.0260838285993512,0.13976862358706,3.77125338516594,2.67064687374908,5.57385096919454,1472.54192636232
"population_informed_b6_c1",101,2.26436380969672,-4.47051884675627,-0.0874628495295369,-1.18382044300607,0.206867374997416,0.646349901264002,0.0216034723265357,-0.0576796646738648,0.259429388041292,3.55330576345016,2.70795584073841,5.51699510252831,1473.01094189899
