"V1","V2","V3","V4","V5","V6","V7","V8","V9","V10","V11","V12"
-1.83482196329649,0.40029854606317,2.64367863137858,-1.41875739888401,-2.93336831025782,3.29394103282339,-0.0953246972361122,-0.231660368906329,5.593475315502,-0.939733380496957,-4.75698364622583,-5.15539281904948
-0.692544515659751,-1.12338803402432,2.25557876582958,0.947522791685588,0.349298350096688,-1.32011536910944,-3.65953967900351,-1.81801837423667,-0.547552252057341,-5.46452304318531,3.87538044419338,0.0606584659660183
0.866618170957805,1.94253195887304,2.77309135295536,-0.488763981886043,-0.0369842114834389,-0.230357614312067,2.69956909669736,2.92473350698132,-0.22846592301182,1.45470390484573,8.50554737286911,-1.9647530899548
-4.18282248204798,2.6416986756214,0.581544487424575,1.43936465575902,-0.842460866834806,-0.769827377310249,0.802774405924222,1.54170480485978,1.46852725434367,5.01800611893022,-2.67633356276999,0.173910216090459
-2.18881641156864,-2.65781339046451,1.04192029732735,-1.08810676240804,0.934612928362356,-0.767506568046704,2.65796916951022,5.9194176846147,1.12318285557632,1.19120908117679,0.362013707330444,0.311180155163614
-0.98281767791336,1.65359689428773,-1.29117341365126,-4.45662419234284,-0.169658019993701,-0.938432861252911,0.878506125481164,0.712647733701367,0.154285047559044,1.06094627377886,4.16054003774866,0.150314420715762
1.59729851815176,1.09623209011899,0.0155183272890673,-0.264604440272635,-1.41210584537032,2.35778375488596,1.17506732193475,0.585001744492678,2.58287208270398,-1.50113454332044,0.220272608150023,2.06130226064251
-1.76929304438522,-1.62826104560223,-4.02435182957234,0.115889082116171,-1.05141343162449,-1.18073929169646,-2.08570709915148,0.333335434870141,-1.64857004845238,0.00649319424388566,0.586231021808002,-0.396202889342302
1.72501193352402,-2.19887392924987,-0.658968481705403,0.974526191560427,-1.00900757962946,0.597395259859244,-3.37989707317412,1.18808038125159,0.0236236856379156,1.56899446613522,1.84099003674981,-1.91195663505132
-1.26608674342459,1.49386805034243,0.558321455880901,-1.0851591803413,-0.168227475337398,3.21529678671487,-0.72552329610401,2.0680404709202,-3.43992409977046,0.966969962651583,-2.53317126838733,2.17740746193408
0.106318994476855,-0.545518447836663,-2.40251414614462,-0.0339398715444897,1.50804500913432,0.757936419012006,3.09891620650991,-0.0119609522881818,-0.735980220258862,15.1197477732824,-2.730393713876,1.42161874932145
2.53060681406451,2.63965068764211,-2.73390404819449,3.57518482056118,1.49024080515613,0.266811085589101,-0.928443440332036,-0.0578696985072649,2.34645612004847,-0.0762288595552911,-1.99760001843291,-0.114885574357608
-0.712379151454699,-0.975687604614997,2.01705407058239,-1.53813527368797,0.587156132854985,-4.80799188662893,-5.41963619808457,-1.36412841392063,1.20579458283712,-0.951361260068023,3.12256016700986,-2.43412309281366
0.142346289710461,-4.71795589288007,0.469594206868064,-0.910907044736374,-0.648545971028257,-2.92935526269536,-0.159015215057257,3.05640090462294,-1.32383622217446,3.03301418842098,-1.67318945880267,1.92612975270753
-1.26081936357553,1.2975667817073,-4.67589243487078,-1.35959446088641,-2.15893351730289,-0.12126529429994,3.03814951368279,-2.16766826016596,-6.97846353338056,-5.94427873500127,0.20407496626846,0.633704202439191
-0.949701029139698,1.584999293427,1.48066322517351,-1.83864377078367,-1.03790892751454,1.0610013848039,0.153733549520472,0.265657912102946,-2.06587667639716,0.589556601281087,-0.912883202631625,-1.44203963635957
0.966201449078363,-1.5058538579464,3.39762990494091,-0.00340493934119898,-0.351898751279728,-0.389732454848626,1.57490846377516,-2.76188345467384,1.63670716838728,1.75845381828387,-1.46992988678845,-4.07770732201844
3.31432708799755,-0.190427128753961,-0.686448361566644,-0.101550270295433,-0.0599535641692931,-0.666086712753987,1.49464764209713,1.55386922398401,-5.7357388809291,-0.195196690194902,-1.96917796234916,3.83164274041641
-0.515598915231628,3.20262575754587,3.19319896934211,0.106933670428035,-2.60844716025428,-0.200379867873915,-4.78308025021837,-0.921903521403031,-0.565401817914073,-3.66781306704954,1.41184150887573,-2.1928907358511
0.846573299204798,5.11029218314938,0.722896409218481,2.78337738226219,-0.550898641565614,-1.62420694534907,0.0735799810122602,-1.74517224203699,0.346352519297713,-1.94339641651041,-1.8151310534209,1.27429566588688
1.10210086784243,-3.05656167415214,0.149134854040695,-1.16001978495067,-2.13386748024501,-0.738781328100821,-1.04743858813735,1.75883227986651,1.06430156850369,-1.84175855548363,-0.799943339328274,0.0221702437013466
0.146583727893905,3.66926575591242,0.767078544545556,-1.70931587552001,0.523036603253965,2.72797734260268,-1.31027272572926,2.73199216245994,3.06628628310195,-1.15352377083615,2.13972479759066,-3.05177839520338
-0.16474787359426,1.01080671623844,-2.0444072176028,0.0941958478811209,1.90372163539626,0.531885449042115,-0.461661043860136,-8.20165113032987,4.4604818016066,-0.393613084505488,-1.66126526927008,1.13635598782803
2.77014396786363,-0.640686509217493,-0.488990904107385,5.00898364851597,-0.843344887504613,0.443860159898571,-1.99417269459211,1.63962287654105,2.21264078434242,-2.90708906659258,-0.337103019666764,3.39479464896657
-6.13579220502569,1.34797420243265,-0.0284064585663019,2.07923020199928,-1.73748207239172,2.17367260562707,-0.316330854315921,3.1462865340751,-0.0624241453307382,0.0285104172972933,1.66642368630156,2.58654010630598
-5.63140171844848,-1.94210898160297,0.310535463011132,-1.80345375153731,0.742410294891251,1.47390419389996,3.79448818546965,0.76405813691086,3.73018583407932,1.0333196256033,1.49979938302289,-12.1025257478691
0.265300725890031,-0.941630323428129,0.808247032246805,-1.90685134961437,1.26560779292859,0.269315228418821,3.48354388260206,-5.40378078887662,3.67868710678979,0.769098596068067,0.85660355274155,1.08272636978984
-1.97766886532624,-0.281941138821796,-0.591891564134526,-1.20067142855218,1.41373179718148,1.28806237847415,3.24552466404003,-3.95200321021779,-18.41003472625,-0.0895287104902285,-1.80259580844945,1.50418827631173
4.51296778608787,1.15291266012424,1.14575205264709,2.55659925638243,2.42671653168274,-0.413680610493746,2.67463113128189,0.372836620215792,-0.844774419865185,4.98595393852393,2.54260319957782,-2.27358750955109
0.70176455948265,0.658366086991865,2.40351411861078,-1.80717985302499,-1.18554278945833,1.46998814800607,-0.331233060990338,1.32714027279938,1.57549536790243,0.535926330524132,4.24949532541619,-0.741557625967143
-2.60548952581957,0.200533091919669,0.57885661081005,2.50432146649186,1.32130601892099,-0.35672191952676,-0.0751002576848973,-0.465427339948926,1.36891915735637,3.88061553801206,-0.147346969613297,0.376444023096233
1.78301068165193,4.47216823676444,-0.0930860511245831,-0.927391696888092,1.40443409210463,-0.0603519438372646,-0.440529435441305,1.29515405424031,-0.0388603834614546,1.31098071030467,-1.38941143076606,4.46822266197222
0.408860697624788,2.06019662899418,-0.0402634525594228,1.16153776817634,-0.537198989108417,-0.310102418934347,-8.39413734668246,4.55982492642324,0.295091019440139,-0.549797728887514,1.808299604136,-1.26752618040785
-2.11549111990445,3.1395207608021,1.1312216575335,0.40103675322463,0.183249740538037,-1.76276995213144,0.0732920634565472,1.58379333538738,-7.36233325005615,4.46876969205346,-2.19104738617154,0.0498876392524883
-0.328906927955735,-0.278615565009144,-3.91889768463807,-1.77246151649417,-0.208312674772848,-0.902974852558155,-6.47675212478088,-0.456380397916492,-2.27622941202361,0.241155632143295,2.54128350507878,-3.01013201155156
-2.28247293227817,1.08654492968676,-3.73163803607859,-0.348979736743483,4.34179323285395,-2.07211834135578,-0.0359127108058585,0.785431720521825,5.11281767097907,-2.85133175566964,-0.230991501251258,0.709143408724552
-1.41248951067013,-0.509912251780283,0.024179846478328,2.16430566044825,-3.50600364605776,1.84677362537939,-2.00337135683583,-1.68340532752527,3.82419620312309,-0.147237904490082,0.947423229006479,-2.90254027907974
6.91036173472505,1.79201785325716,-1.23241383066424,4.05246668328426,2.86325077229284,-1.85668598832591,-0.940422615189962,2.1303834208406,10.7998720708582,2.52710182804092,0.931394752708047,-2.63374438426418
-0.352045462109098,-2.68770770610755,0.186468708657473,-0.100877251034882,3.70639051255586,0.771439274313504,4.33615922825416,3.85683673332066,-2.44340059962509,-3.45568743755967,4.02062785437868,-1.25207933348911
-0.873146310863878,0.338868903870621,-0.802618445816347,-1.89966874648439,-1.33455137669259,-0.712019485699334,-1.10605034022527,-0.326332702192292,0.147136026947412,-0.669254561795984,-0.141100811017459,1.5834846712154
-2.02780843746722,0.212006086938094,-1.24199602012329,-1.75226345572433,-2.91490603931905,0.524324416561746,1.33762981423713,-0.661360913444592,-1.20842877658466,2.07840755998822,0.184608832313076,3.66075675918555
-3.16354773158391,-2.27061478749835,2.2674927030419,0.0826887673625821,1.6771783748225,0.955395480335169,-4.35759372598705,-0.369158197336848,1.52916380713883,1.19721667707739,0.238220079660107,4.25461170358329
-0.898712728240884,-0.0936306188495048,1.42765886482903,2.71485406701544,0.821067916509185,2.47060291582514,-0.83375248630608,-2.33393920982941,-0.34055270682505,-0.664314733167073,-1.02958753298642,2.68712913282516
-0.570435517019301,-1.90860884237744,0.168051973860951,-1.64536223998704,-2.87545873094577,1.7156485717384,0.953333798645934,-1.43618500260769,0.692285731374297,-1.27307341016554,-35.6253827252009,-0.998751139595289
-2.65860207545033,-0.986530026107496,-2.62755914937413,1.95822333678615,-1.58898331330267,-1.18342382134505,0.0742784898220281,1.50831485656076,0.546574897484694,-1.81300716144869,-0.636740263894203,3.41762003798005
-1.25916806029373,1.81338056579044,2.05085751953706,0.66573688436855,-2.69378739014396,-0.878349146260795,1.85818701905924,0.564791068881117,0.00754448794339783,4.43372342563975,1.02735735336111,2.58439986983101
-1.51018794045401,1.95695707231451,0.831997324274663,0.384385711393947,-4.43206078658366,-0.458102580738006,0.667974383249638,1.6718709486311,-0.796241770918849,-2.08198100293996,0.591099830762638,4.74639283364132
-4.28224508699201,0.941133249066626,1.64045788961417,0.661283788440059,0.99536933822187,-2.13699956097724,-2.74688315099867,6.57633484180147,-0.578403533911038,2.42322280246734,-1.03014529437687,-1.16873700127715
-3.4095505158,0.889919042975773,4.55779060584559,-1.71339291516968,1.09684976051597,-1.79183078051563,1.97871969331707,5.39032824361727,0.420269285633446,-0.988961478345695,-1.62283234055982,-0.87735437212221
-3.32761055803031,4.7722679957603,-3.16819670474348,-0.39045057393226,1.27970612490044,1.26278270272067,-2.49755275611005,0.184887845699055,-1.29482592091344,-0.963771762200502,1.86266949249364,-1.14537480100559
1.21418699881891,-1.75986955163322,-0.753023452661356,-4.0927848028163,2.04257827964552,-1.26317206361847,1.61310387770769,-4.31189037922068,-2.38700147198908,-2.50046311549504,-0.0690348664523755,0.198571861628705
-0.0464827806661741,2.46826534748947,-2.27050630042837,0.340904951713714,1.58961593377508,-1.85930818412055,1.16143059056012,0.0461496891976323,-2.20497755197082,-1.32958786215262,-1.16103265895597,0.73687710615975
-2.22747960109414,2.04954363792347,-1.07588150520608,-1.9221831843442,-0.745182149029224,-1.12510093745105,8.61521386989611,1.09339381424689,0.518116766965741,3.20317353765095,0.374147646094557,1.02065081963796
-1.19177883420918,-4.38978143728723,-2.84118469230411,0.420716067289304,3.96049357291083,-1.75648449775036,0.292980331794627,1.26380835582933,-2.95978269000635,0.521500242098319,-0.654320216756325,2.89580997404908
-1.56046929278485,-0.317664527982324,2.48883423870798,-0.186177761097161,4.38971848654815,-1.06789942349865,1.25961122184848,-0.149911266386313,-0.118081099840653,0.722118655762229,2.09725807783922,4.07283608533817
-3.69508298838083,0.316125809575637,-1.33483103329518,-1.71263761173379,1.96454562006172,0.639924651741996,3.07942420235527,2.59409643979582,-6.61137957357106,-3.40325056476252,2.22823915528776,0.322624626406181
1.74849046279914,-1.16214188982716,2.31515106815089,-1.4021125980286,-2.62447890886533,-0.014629229804954,-0.6137602107537,1.17387162752921,1.19481035793973,-1.90617097640862,1.67902317063597,-3.46692684376713
0.970807387349558,-1.73765044891821,1.72412580189738,3.30270958653433,4.67430016595279,-2.13475822353239,0.497591678986127,-3.20336451014533,-0.824027786158423,0.435332707587269,1.80408670325674,-4.02809311163599
1.76788790885706,-1.68319889029036,0.0460945809411107,-0.536717707332442,0.335761109559272,-1.84691485398122,-1.25459737546144,-1.28424520531864,-0.66218739753219,-6.24605798020969,-0.668417752011692,2.78419143314038
1.49662332553708,1.79550130519963,0.315535337898223,-4.14024699572633,-2.49726008655187,1.40179834800583,-2.13387653309263,5.09710204754651,7.29226306517255,-1.0303374626021,1.14929625241232,-0.387348633543909
2.07161109845539,0.227636603932987,0.42779079694623,-2.99705218788022,1.83414807532805,-0.549613384279987,1.25165030548914,-3.42082229808979,2.46724187627817,-0.75339761027097,-0.221229801467718,0.481466215170337
0.342577249183541,2.465608386861,-1.75548816966542,-1.65737149661322,-2.02944356910907,0.543351823619492,-5.10168726080963,2.5248842477147,0.716341247313082,1.21989207594299,-3.04448420283049,0.319116291368349
0.87119100650221,-0.409859705631272,-0.27288261479058,1.18371319639251,4.30091148337034,0.978897390845023,1.34027701830154,4.33671073940952,11.789693090392,2.95434746338163,-1.88188157323352,-0.895599768623711
0.58154455272754,-4.66620682085586,3.83472917497982,0.759343679218398,-1.98876447377431,3.18848270130442,-1.4115005020407,0.232346133822898,0.0334012924559278,-1.37407151517503,-0.64105771114233,-1.15866676320297
-1.25794976009396,-2.22289691551409,-1.83853183430418,1.64984554034829,0.74274128488432,-2.67119843373653,-0.336534309000034,-1.41957504854186,-0.436687729189075,1.59729368250019,-1.48339234216698,0.137266707143861
-0.62495372031642,0.57111243990146,2.38840749883865,-2.38149562525605,-3.03135185718286,3.30284665440949,4.99902357951459,-4.2431411442095,2.45885644289007,-2.48598077288511,0.308930599885363,1.36771065656328
0.74260693698343,0.999949227800686,-3.42327166091739,3.11490809269711,1.86659396612596,-3.06931876261431,-2.29623262045238,-0.442928043167766,-10.292194323718,1.50759024639136,-4.43173484150466,0.0172277972253321
3.51632102709288,0.462587501249652,0.383183551277549,-3.35122738061414,0.443242667288019,1.17298599007586,-1.76010764114791,-4.27160637505747,0.260450340104769,-1.28872655940109,0.375759873043812,-1.98860732238862
-3.76167493568057,-0.494519946415381,-3.53199873279198,1.54157565544651,2.23019062749276,-1.24013994944042,-2.96323271663198,2.02824133742964,-4.11091451142812,-0.119910868053227,3.39617141611975,7.21281235343522
-1.22777430763586,4.61983860396559,1.31702968826742,0.321115281625683,1.64956514101876,2.55623576340697,4.48967501077948,-2.01173617784251,-0.785296670187153,2.72922179275597,0.756201176236533,0.937439952335762
-0.257905877914647,0.468512187173302,-0.817864271020161,-0.981415835026191,0.00589027970890706,1.74139944663866,-6.01640540450166,-5.21645930369568,1.21794564440221,-4.61097375537256,-2.00472976036123,-2.3397165584096
-0.600239279034595,-1.38029096414878,0.0501107720247853,1.57766649473317,-0.382232923896795,-1.14407675345868,0.660824169806452,-4.95808139514945,-0.659996406402247,0.935188195384136,-2.05744921405094,1.02719775179022
0.655473010757578,-1.12098736753958,1.81724082954166,0.0534397477834416,-1.91180347047117,-2.53646958594517,1.54816000512582,-0.682728581272737,0.0443079022290841,3.07843096812067,-3.7000429247491,0.279471022203872
0.229455392996779,-1.49737974870249,-0.285859792952454,-0.0619270540416784,-2.21851575219434,0.903678368977913,6.25233602700284,0.775115238545788,-1.25006445696262,2.16915549044764,-3.41122857920976,1.09508978942919
-0.419682414080275,-1.48460228473865,0.85450617133418,-0.642288022055668,1.37559930949912,0.428749985325297,-0.454803154068782,3.58546967696502,1.11542322725425,2.80479792611833,-0.0447749113661157,-2.77635432559893
-2.60315590249505,-0.568366695017546,-3.20848855569773,-0.0569975535046464,-0.821895501046189,-1.45313982246787,0.866918065708576,-3.04308947294318,-3.70432669873681,3.14502464682407,-1.42057482662079,3.1315544414326
-0.251348148555917,1.40868528556825,1.56398721433481,2.14928859499599,3.87315985039916,-0.627074206310927,-0.603521457457797,5.73009277540554,-0.0683565331745174,-1.56077073735395,-0.553766620309412,-1.44821322658163
-1.15415714983284,-0.475265701956846,0.774990515021828,1.09979451418942,1.14670886618956,-0.861818002210764,-2.08524691663483,1.4610941327734,-0.884750045970935,0.660024992352788,-1.46506883573762,-2.23632906139392
-0.143348006811643,0.223915631736931,-3.03336445696887,-0.101888333048982,1.88807685820546,0.737852880782502,0.445880438488952,-0.319214219758123,-15.1555713077671,1.8563846125909,-1.993102100167,2.33882717171988
0.832517445974117,-0.778506894086664,1.55870975695248,1.33238103602077,1.54265789231,-0.669228246202621,0.106082174915746,0.147036361888449,-2.46855603343847,-2.38530837609561,0.46298926240505,0.0595290100206841
-0.848294598840086,1.33523955963186,-0.221221082811093,2.33152221994748,-0.51314646551256,0.19052670870777,-1.0231070791703,-10.0831570022523,6.21988002929199,0.448582061405342,-1.37628232779265,6.92041767433083
-1.81092471274986,-0.269499728504567,0.473792152617703,-1.56229812040444,3.83877390892035,2.10420423272902,-2.6190162641435,2.44306608556499,0.11279222782998,0.030516339984834,2.33205327341634,-0.51802047145856
0.722852696784833,2.09173180670836,-0.11461042024431,2.44343657670977,-1.14027488574146,3.215704606446,-0.442389678180931,0.59167422325131,14.8300129698229,0.467928996109978,-0.593590203933871,-6.38070389835309
-0.642318850587262,-0.0724337352421516,0.375936013321362,1.4337682471528,1.0515865856813,-1.68206257706804,-2.18254508517795,2.00675100845437,2.59862162836732,0.564372200671566,-1.72703005892106,3.33657366885264
0.67568366632913,-2.39289996001819,0.93376939544645,0.24664434550077,-1.83710308570711,1.37513334038699,-0.84627038488227,2.41588229331836,0.791541817397759,-1.48034097535387,2.74628058517346,-1.79461701174488
-0.21380044232442,-1.98031366979522,-1.390884466299,2.55548506396836,1.17480424887297,-1.18253359034687,0.715462288207196,-0.143412876132953,-5.97324777399645,-1.16197846059597,-1.24451976569033,2.11439803758711
1.23731965933837,-1.14930882540307,1.07309298659685,-1.05246520111901,4.35521136540262,-0.82737418963817,-0.0943729322699225,1.8647903042733,1.74372715422797,-1.88005918808026,0.709392439607422,3.32064666114211
2.50525763508304,1.49846299195708,-3.37687331651447,0.622636401241892,2.00792514932088,-0.0530891210410801,-2.92828568067753,-5.21331950194551,-1.90706035562265,-0.166525801674204,0.451309045595565,1.46796221867036
1.60221306436605,0.474430479884864,-2.00634066675939,-0.229017432800642,1.61934124836471,-0.569146152947157,3.79567574698682,4.50524454473011,2.63385096116447,7.43681210996615,0.462061315276056,-2.93242393693859
-3.33257264673286,-0.118122083948589,2.4883468323824,5.39822696920499,-1.67494896614091,-0.413181852642103,-1.82161982006752,1.0570426828723,1.48583363863453,-1.44045585398321,-0.104629656673341,-1.05204349410549
-1.45509538074261,1.7847686143135,-0.34614768161606,-0.343546570266039,-1.2811722613312,-2.77801009749398,6.83553325026034,-1.18035576155716,0.821022228498129,1.01471209984721,1.22783494369104,1.44708246934173
-1.86028782832576,-5.00172076935498,0.795387517379168,1.42467690431506,1.258944718646,0.701110843442007,1.93917737819568,0.268519031845779,0.868642422764378,4.03245520238161,3.45076137784124,-5.53364150668807
0.832766751846362,-2.10559324550027,1.37080991063351,2.87259092663008,1.07188897418165,0.285899080476799,-1.2239425656772,-4.82710084878532,1.40488089757203,4.95243956377545,1.91148613229529,1.98513125288276
0.45754445764651,-1.41772251581775,2.42673224387411,1.45856611133166,0.987884419602471,-0.503265426792064,-0.0361118549321726,-0.23642532530675,-3.43542039228318,0.227394187965908,1.63556783260563,-1.22517739513017
0.0461871801793398,1.93420169494679,-3.48138865567852,-0.862647752595549,1.85460909843918,0.055761381120633,0.36715009089125,-5.93419476486082,-2.80177319327477,-6.04473908222112,2.90840019224382,-14.7960466036977
3.02774067126848,-0.457854043927563,-0.826002007050618,-3.82231632522064,-2.56962902186882,0.32352831578981,-7.00407192986549,-3.50782975746756,2.96377660763888,0.126654163420157,-3.51986993474007,2.23782377803947
-0.82028806194021,-0.946360047617139,0.19656263556241,1.65575621868104,-0.86474574797868,1.74028590669399,1.07891637037978,0.192674910954132,-2.25751599645361,0.856728789437265,1.04392848727093,0.218988651541829
2.8817688350817,1.06561760207339,-1.90254407332364,-2.79955898750695,0.837567543590119,1.83180897521679,4.15658158652164,3.80151665688716,-0.0684726266685206,-1.66347861881316,2.92720221363979,-0.600808745565125
-1.37342051401142,2.41903143041896,1.08738251380593,-1.06701608700621,0.58299092162611,1.20317926820527,0.141929313202984,-2.24001650037256,4.74897312210199,3.2678555345094,-0.887246944171943,-0.269998687351712
1.50975843721986,-1.12872152655787,-1.24872200665816,-3.48322230410078,-1.67844616576141,-1.72321763395002,1.74240713360402,-6.42978661689999,-0.825495745780536,-4.87738710826937,0.264560228920649,2.23877560697239
-1.33933826206393,4.54285760178358,-2.18985828660593,-0.119106975468491,-1.50914817186955,0.950623242104551,1.56968164985486,0.0658329455749284,-1.92490379870328,-0.183487484413104,1.0793970388313,1.40930197070679
-1.81869775318947,-0.783453580815322,-4.40942889518487,1.28243799751333,-1.00622971863121,3.17742213583165,3.12123907719449,2.27305168410956,-0.0287412932569715,0.647460181688273,-1.66736104406421,0.153533310482716
-0.360223582892875,1.7259272252654,-1.62747183581928,-2.26089393781416,-2.09632319643487,4.29428267459946,-1.353813287763,-2.14238608591761,0.299210946501279,-0.152247104351769,0.149443551283108,0.691973425260718
-1.08220153366392,-0.404525785852381,-1.22604787029934,-3.33955312693277,-0.0157927669386092,1.66001662354603,-3.63825829546424,3.16868091495602,-1.55002383235384,-0.095882546944607,-2.73392798586313,3.0254607997629
-3.45363944244586,-2.01285958881708,-3.13161498188803,-0.987216387858914,-2.16831685651594,0.324811317567818,4.54738483468336,-2.48548274391327,1.5010751682907,9.82872949959946,-1.79260975907465,2.2558903440027
0.985072974949445,0.275928849276553,-1.45275149735069,1.66692933324698,-1.63383734519842,-0.440433178932874,-5.71083039831806,1.76074624310255,-7.11808595598978,1.19861323970863,4.45072896107765,3.08814863515131
2.30325885708363,1.78806102557994,2.89655260931936,-0.792306380801005,1.17327617740694,0.905160829257837,-1.10263462099863,0.171084403829187,0.749658216688778,-2.46569257520073,0.901247479812751,1.13569170160767
1.17412083626029,0.934487460642813,-2.37681461274953,-0.594800079485069,0.0307427735600109,4.34927749886695,-7.07461842284662,-0.95708219232824,0.419925722385727,-1.88844645487105,1.86151374793355,0.798752877411845
0.391927865217357,-0.466270031410559,1.45460080921,-1.80065789227862,0.22898693991477,-1.44494895033181,0.596591184592904,1.26038269741129,-0.400302457643854,0.57311131443684,1.14040354631033,-0.419442526021262
-1.18075703674787,-1.54162059430474,-2.71081647791849,0.0337972805579975,-3.79762282093967,-0.647172016751303,-1.24678220429694,0.723524061325848,0.975345733817453,-0.245905064761036,-2.70045719707218,-1.81333497457008
2.08885873376596,1.41711504187231,-1.88211526905848,-3.48721679439267,-0.584936399612363,-0.370981638538463,-2.31429481893788,1.61981710382639,-2.25799965819304,1.66108612216198,0.973160948726276,-0.616691823527083
2.07746441336113,-2.34173439542174,-0.636916891144213,-0.692446086313067,-3.10082592757916,-0.396456556115939,0.198943492418765,0.602491821181806,2.13256277477062,-0.927075708469181,1.17941033333035,2.94636201589395
-4.81424074540373,-1.52580123732294,0.00889944834935424,2.25728176329847,0.758597497810093,-1.50045189343573,-1.75317720588266,0.72344985710667,-3.30935918751498,-2.15439068628434,0.282073072423344,0.725371662085289
0.247519297772928,-2.27874331138604,0.0105492753563727,-0.233995543353885,-1.17191262021926,2.76063019432099,-1.90557235780493,1.18178745674638,2.01611060654373,-2.23485830727527,-1.43643590594673,-0.285768680804736
-0.95666116772664,-2.13380005572706,3.26727844115864,2.00465368864147,-0.12390351064391,0.823295331230546,0.17237811402431,0.482029935211273,1.78209631576381,-0.157386469922318,0.00844194868845705,2.39610072048525
-1.22449733101673,-0.406303455157386,-2.47499780842894,-0.922121798039491,0.506032919413685,0.525981455429925,-1.17080797224924,0.686982463187568,1.88126658332402,1.80729086785128,0.581578126708978,1.48110804591493
0.216660166624761,-4.5015918356145,1.50525686061073,1.19922568517477,-1.00736668183177,-0.982993331053923,-2.20429960421478,-3.26185757770115,0.960569304061748,0.0442621238403575,1.56562689152571,-0.54172746822098
1.72852088311895,0.443449039031264,-0.727498163402695,-2.73876249073295,-1.35300807267155,-4.50729143411601,2.3836014377167,6.26585363170575,-0.684157293991968,-0.821537113608744,-1.46202256723402,2.26519767528468
-1.8686397921003,-1.38948494530248,0.481378659624152,0.0855335656033659,2.79450726413501,-2.80180028951344,0.434957126309709,0.841723156921515,1.44445697220114,0.0495007988295083,1.36598969242169,-2.94051657242363
1.72724587522929,-0.144333671719707,-4.2859023600765,-1.48021375590812,-2.27098972419731,-0.180263124887768,-2.43674264974731,-2.56613670184509,0.0130937042108863,2.08027648128017,1.39721025309563,0.0707079706188011
-0.186334318679519,-1.82666351781078,0.329305520506375,-0.157702126936538,1.88755459223467,-0.760799093116276,0.0163985817627614,0.587941092805695,3.73239627975851,0.70213116147561,-5.85850204309856,-0.313528122228819
-1.6795372883953,-2.27550834982503,-1.96460805911274,-0.384907983471859,-3.43139299203246,3.45678310708017,-3.19831442339903,-2.35425561931389,-5.82023279628871,-2.10652673325399,5.04269538736588,-0.596805511413644
-2.23987767821484,-0.183741745437712,-1.75567143316848,0.0408645090248028,-6.12229276873482,-0.747205933595501,5.94192610218372,2.75526744479501,-2.22066108236624,1.31208961174171,5.30696207909434,1.63232320327323
-0.207238861339277,1.36965129361147,-1.08104510790402,0.432048524570314,1.58542372601462,-2.97469838123612,-1.27023915842585,1.63417919351108,8.28222242021359,-0.0417758106512871,-1.00164853462991,-2.51973846285757
-0.89454134534239,-2.2332113257636,1.16142219971517,2.61459747688511,0.779471400482652,3.21098500152715,-2.97646534617372,0.755044797844696,2.22032822909354,0.669956832791011,-1.11758371225496,3.11032270154602
2.37125110526637,1.0059630025255,0.446740099260743,1.02982066402855,-1.26044043703683,-4.72594253617658,-0.103210109030772,0.85217461973588,-0.425497975887534,-2.40805397030643,1.96762455364886,-1.25760503857506
2.49730819562505,0.0582520420879671,0.55367562021522,-1.9880886213888,-1.36491528729903,2.79315309514204,-1.35679641529518,0.650351982505224,0.0515426073705072,0.368594610173428,-4.34816136835149,-3.64902019766971
0.675527524335569,-0.35598692028696,-1.1049033695516,0.00467926397445174,-0.54838963519772,0.453202026479636,1.73244920366128,0.726821265706992,-1.51770924781619,-1.53261860204943,2.00346931929791,-0.343038727837512
1.33417605292235,1.08273213196705,1.22039642480512,2.02165007674803,-1.70013968376645,2.34800299411389,-1.7364445447372,2.0641987598738,-3.62810042907857,2.25815569174698,-8.62152728401045,-3.11501863834753
-0.0906639501007139,0.998470221156075,2.62746467019544,0.461237787425723,2.08798643903973,0.603994675886543,2.74850743460612,-12.557171901628,-6.28136797948759,0.326133164511694,0.818261598128532,2.30752270878162
-0.633420155908522,2.26144031514093,-3.32580847999202,0.734760233771642,0.0202337083238298,-3.20854262298768,-0.166112234907597,-0.884873661605975,-5.72064000816075,1.11839501516969,0.62742527267043,-2.03067998873888
-4.80990556686092,0.18535841867577,-0.118817320753011,0.858388999056105,0.413758283282216,1.79245821796365,8.37116336583324,6.91889343412559,0.63152185458309,-1.23852288420789,-5.27806285956826,-2.93751329813697
0.180184939316147,1.04686860301612,1.49531707841249,-1.71657286024994,2.05074473209621,-1.36700118735749,-8.72129664103735,1.3744356575147,-8.16554407364581,-1.44098458277024,1.1358953198166,-2.6832854203014
2.22669720386199,-3.22574690785686,0.203191578691189,-4.34806272507276,4.53447395564408,0.991795328901798,-2.22923160687728,-3.49905972597523,-0.700192977761891,0.748103767990846,-0.87282138887937,1.7392324183148
-3.42878872904193,2.83407941231998,-1.2282888754906,-2.95037551771259,2.08557342184531,0.758665883325923,-4.91618721673963,-14.233490155076,1.06639904319139,-2.79053103627089,1.11021495272265,-1.47794887023529
1.092422331012,3.07037729957159,-3.88260552061286,0.537475495685391,2.91974461056477,-2.19295282721762,0.103266731102802,3.70807081110581,-2.71832511196226,1.89123910812174,-2.50847778916643,-3.75437032608159
3.57841245168879,-0.34178118928178,0.484096548649195,-0.763419066977415,2.26739253984639,1.12454246286491,-5.24472105535491,0.645787472967801,1.75071436113677,-1.32182034933462,-0.220906789127156,-1.02988644497539
-0.94315609211461,2.24301707034545,-3.65481260171709,-1.09748568946296,3.4214801788064,2.6659912810334,5.05210563924225,-0.000317282664289606,-0.260139225968257,-2.78498891259113,-0.758297348742545,1.04717636308265
1.38100235293361,-4.88870367399862,-2.41071425364473,-1.14530020463837,-1.52058197810622,-4.64881071460433,1.06080044713873,-0.274587293039762,3.16989031638225,4.22797723824799,0.0391563179584137,1.31138656341856
-1.12950180100127,0.0233753322563878,-1.67530346840375,-0.987860852190468,-1.42187703897104,-0.282084938551038,-0.416505069658116,3.00555964496608,0.765335045352596,-6.0125748114592,0.319798992621967,-1.2103729717904
-2.25443039102961,-0.293428734077149,0.504672642813847,-1.587002406618,-0.0666470214567809,-0.0145586454763719,1.34133116269011,1.29005879768652,-0.0930502338649513,-2.80434762410132,-0.44936805707661,-0.831105413619426
1.12573781004911,-3.00327714995583,-3.1215029167847,-0.619298716319586,0.506448513468481,-0.418590257215688,0.933708378134185,3.93541423915875,1.7831100113288,0.220525586770273,-0.96579764813587,-6.48084097495154
-3.927439680761,-0.628918804396342,-0.374285256313596,-0.0597736206881119,3.20621140640405,0.655460686501055,0.325397189075389,0.568743067488724,-7.13542452411959,1.95949128578307,-1.06087438920767,0.683231868240856
1.79265180017869,-1.91879873066041,-2.92634248294001,2.26454067356588,0.545399707935559,-1.37037229263453,2.34043559896917,-1.86199686671982,0.925996886856785,-1.37055275496937,1.32722239325958,-2.2782859249993
-1.91726744903584,-1.73396417494352,-1.75116327914113,2.56239436804955,-0.826845633850742,-1.52844377476861,3.16581067647494,-2.97135559914345,1.76201383763959,4.31611383978349,0.373708136504229,-1.85863042844466
-4.75503525533825,0.629395697944732,1.55095419647036,1.00207072010495,-2.04370644039251,-0.636389737189399,-1.23963936518575,1.85683266568993,0.45441762396291,-1.39101817568294,-0.111317162718498,0.26772534968374
2.08835297222186,1.80388118785663,0.0332501202797482,1.71320411872405,2.10115676964771,1.03587332272286,1.44187172949778,-3.62607507167357,0.468588213508452,-1.90805390830695,-3.62873979204785,-6.04520751987315
-5.69634276471909,-1.37854113766529,-0.591585320550178,-3.20843105004367,3.79477679475568,-0.82657621587257,0.0486431928514673,-1.91752273230786,-4.8622812478846,1.0235091878992,-2.72432859176914,-0.373583263732328
3.30073014687325,3.76968159867394,1.55520811421875,2.35541871919223,1.4340432643637,2.06645881086087,-0.341117348334317,-36.2141342275411,-0.174697073776607,1.75366075175613,0.605421180969073,0.355703497752106
-0.743344393231597,-2.05673743915051,3.35042888364174,-0.45634240389564,-0.568085126258502,-1.44907224578113,-1.12478459292838,-1.68685797339893,1.79340379235772,-4.37488241525174,3.18343929165915,0.0560139734267894
-0.207403772009653,-0.829436043986775,-0.0237059656864861,3.01878267846147,2.4408314098505,0.899076032052587,-0.0937738496720445,-1.57400953606705,-0.257721733759635,-4.95706313484421,-5.00419226068322,-3.06043673703052
-1.24586364713916,-0.741297548490106,-1.4161808088542,0.279854232331995,0.776175083713286,0.0548080207551171,2.17682689813218,-0.766422659958236,0.961028890789826,-1.16777475098378,-2.51965294322118,-1.79346666430387
-0.0159425659800102,-0.486362208362025,-0.844606995137471,-1.69764086174048,-1.83355391035231,-2.17028348705254,2.3124716998745,2.41820232637536,-0.130350601230034,2.00679427649215,2.4081513211378,1.12620819640146
2.35873865820297,3.4240453768092,-2.66249586138017,4.15329571705557,0.487515085599645,0.0692610134918025,-0.683613333256822,0.332812547225733,-1.88792324631058,-1.62935256977045,1.99042736834221,-0.583613620727225
-0.841610842519652,3.02245989475385,2.38621679034838,4.25781796561114,1.07095488490591,0.207888993950239,0.832756123569905,2.20805581554492,1.46768876857617,-0.617625028235528,-1.01043996309123,1.06271627162628
-3.08696146958909,1.12290457405442,1.41920922330772,-1.90773586158062,-0.686008284523537,-2.21176000764331,0.273556965914967,-0.839447669912848,-0.43509494249299,-2.12408665101163,3.94276765633003,1.21273574785828
-0.202639110239887,-0.0233669128673531,-0.55002954047192,0.695848486521697,-0.45870596788227,2.58388467140738,-0.281005116301229,1.44677552537183,1.759887947917,-1.10807344401436,-0.413143025282656,3.11735692908906
-1.75377772003944,0.804276798032702,-0.8858470320259,0.0284220865398167,2.45310066548981,-0.361284115669697,4.33441605946309,1.40008283073867,2.68703333317791,-0.0467449629045799,3.24112912994429,-0.374901413304527
2.10332602300793,3.12658515291433,-0.409610737867696,0.445840094143453,-2.41920551602626,-0.30242885366947,4.05840446949856,0.148063218022208,3.60914228639981,-8.75746735947301,-4.12149453252608,8.3141841235475
0.400598444376592,-0.382824972173829,-2.95632600612848,1.10294424495594,-3.37762297646468,-0.756491602630374,-0.802511105880443,1.91369323419206,1.88121884461031,-1.90617596648736,5.01319165041039,-0.175748738605687
0.99118778166225,-2.94353424272884,-4.05891297549559,-1.76503149349704,3.08250886824112,2.41271513994721,0.314093136232285,5.23098096874505,-7.04279237480283,2.15302080380593,2.63122812706907,-0.217321062029083
2.54238310091988,0.389857692243401,-3.55537586654464,4.2366668762913,1.78413130474967,-0.646441180967228,-2.76261564240861,0.495827900104814,-0.357341236926275,-2.69572282653884,-1.46155984844687,7.075565205159
-2.71529340580891,-4.29150141477863,-1.44842999345527,1.54945360014474,-1.19213311741055,-3.76631790128697,-2.39767559839518,-3.3458476214345,2.98612103891266,1.13419205009726,-2.36211668886683,1.48141912676771
0.163221400836911,-0.230286475317025,2.15594159430236,3.19590445613118,0.665454839531181,2.19315942123267,1.22010585900026,1.54749178965949,0.431336704569171,0.816557121999479,0.65237224048423,-1.13070026543017
-0.64640087890585,5.16910126040515,-3.03812384376068,-2.45751010577474,0.475059827469293,-0.47893254527588,-6.30148059244226,1.59040541268499,-4.02282538250243,-0.0170302039568714,-2.09736720715692,-1.07375419597121
-4.20138048493442,-2.44595068485879,-0.223133127114929,4.14252551767932,-1.96368682850334,-0.626393066968516,1.64350492934781,2.51390645403032,3.19040556706907,-0.856539448837265,0.0489358329547486,-3.67377712169298
-2.65632659897248,-0.653205806192735,2.80448226227023,1.19948239335494,2.43671946093199,0.433071492174703,-2.66514605531903,4.04478217598817,7.30514661683277,0.158399426773221,-0.304455954608764,-1.29273719935065
-3.32627908425479,3.35713482317947,1.09219919985279,-0.184649247830784,1.71144523725277,0.29190456612358,-5.6784278858703,-0.563969939306334,-0.918402659472656,-3.8687926156941,1.30322017248255,-1.28366985398009
1.18466180766842,-1.90937619155953,3.67653065721641,-0.158207625237704,1.03750477141216,-2.62023310236438,-0.203343627061435,-0.897842990628035,-2.24768123645873,2.53225716060414,2.60150151941957,2.18816350310043
-2.32726476674229,0.361432990953106,3.42512317124986,3.75969064212031,-0.256369158596571,0.402134909232277,-0.523971450276998,2.21402975265289,0.0951770212107069,0.272682582472684,0.0472699504569283,-0.593457733043516
0.17685005441075,0.24546994802074,-2.05078597180831,0.0370821010259821,3.62846217363601,-0.186083069243363,-0.137749119360091,-0.685049543402825,0.895430555754907,0.331880707208439,-0.678040449814044,-1.38382070063449
0.506346052423033,3.22035348459849,0.775336289653091,0.0891637570535842,-1.64005471907783,-0.0122524132432977,3.008433767866,-4.68796553736156,0.116962221936172,4.09368432675991,1.02914009270993,0.900316925594194
-1.1336370368355,1.73203784692182,0.250191494072348,-2.9702960227911,-0.387691581556348,-1.16697184120449,0.938823737766568,3.69817039894118,2.03646629317162,-1.02690106908337,-2.92462748803953,0.66285886151524
-1.58274741200233,1.69884559956723,1.14794996015825,-0.404287819922544,0.0327051672360294,2.09869663575678,6.05871024075473,1.69823322992411,-0.264645884667113,1.95968251598059,-1.59295782623846,0.393153721365926
-3.22442981249516,0.69304832378747,-0.192372280589051,3.67297081879875,-0.507588257507239,-0.0105711531937561,-2.8225446871476,-0.419433050100548,0.797846996004596,0.428233707725097,2.22653695942825,0.790130266671311
-1.59077102515693,-0.980615495911728,-1.95716909275872,-0.116725359734847,-1.01959902383188,-0.849968977321737,-2.67317956970738,0.507243860893459,0.499474642289726,0.728600641207526,3.33963298162815,3.2290265970991
1.35361003131252,0.300774121771592,0.274703585083829,2.04554390639563,1.58339391049367,-3.0465626137842,-1.78069127936246,-3.35689006556668,0.724053804583765,-1.61708041411498,1.87023358562308,2.76372974347605
-0.127929331194363,0.763427867758507,-2.62254406931172,4.8465901810212,-0.0855589088666449,-1.98312807945508,1.10578218151833,0.817244392539812,0.538289028275647,5.31403461997942,12.1645575221365,-0.430398311361658
-5.99619225746073,2.57640932381226,0.103003204510295,-2.7759880602845,-1.29422354560548,1.19481895035235,4.45644071419245,-2.13859835127602,-1.74653052432161,-1.60719446359861,-0.0554505408538029,-1.64191839550863
1.12640285553863,-0.613019311708574,0.0211710708561231,-0.398137147528647,-1.43694253953012,1.49416776330904,3.33349471997678,-1.63219321015705,0.929525835014198,-4.51838137658154,-0.164680241572812,0.92641066020465
-1.63530457221398,1.00246207511097,3.69707409038878,-1.92217080198883,-0.897221509917961,0.689692286235658,-4.07876516917245,-4.28971536292526,0.112180169902316,-3.8095963876848,-6.71006675721597,1.07590422674747
0.493942917445393,3.02646291430472,-0.159316618922495,2.06443534922726,2.17181087928542,1.28537370744625,1.31446249777579,-0.0549185869023499,0.472618530065473,-1.52603827872325,-2.24102806018246,-0.0152182311267039
-2.44181652470591,0.157082946503511,-3.8465026296777,-2.76236996729349,-0.0823768807180983,1.42332905301866,-2.70191039260447,2.33298700481505,-4.13554126218713,-3.94489848952505,1.77107676294972,-1.62464527746452
-1.01552661720297,2.21478756979235,-1.15868705627215,1.65663258661577,0.890352794777751,-1.36832727281594,-1.34378277358808,-1.0516591784838,-1.03367915437414,2.10888346634555,-0.464269332642079,-0.637987403575122
2.75379468590994,-0.613271346723714,3.05754191427268,2.74028761512206,-1.91710967014922,0.55102444881131,-3.44221576840937,-6.96022479023851,2.66801692120118,-6.74889728654569,-2.34396054906612,-0.245411918852361
2.75408881060966,-0.203701290224504,1.7072150391541,-3.70404824427704,2.73516865578055,1.69962575881821,2.27112900607522,4.53794998375579,-4.811780459782,-0.0966794406527404,-2.09934459404024,-0.662344963000432
1.25433392281753,1.10860462366489,1.37918726306866,0.338642050553712,1.87197753678582,3.38164300716888,-9.92029393785102,0.0734844074809844,1.11723834187655,0.0319869801134976,0.879644370474128,0.423742564148714
0.0535204515853561,-1.0243044976395,3.04253161545591,-2.11513256536987,-0.440712494689768,-0.0144454740143636,-1.31256935593276,-0.644890709321411,0.221382805023199,0.0974156956509361,1.83507610405782,-0.166267265273375
-0.114392539103323,1.61915575160609,-2.2452724833115,1.50202193348367,1.84599546655807,-1.07783020495409,-0.367611435124066,1.82741333634718,-0.229917982274219,-21.2789595440403,0.834925251540889,1.55994492581513
-3.12875636556326,-3.95626852439001,0.501407159184322,1.13311288505738,0.0194867909929478,0.215578513997838,-3.12561983040626,-1.14032406291742,-1.16837005737416,-3.10558531977746,7.54917324714392,2.58576145217697
-2.99014359084644,-0.084820857757364,-0.896659826557789,-1.07952995414852,-4.76783394871889,-2.34201500448133,1.31523936944159,-2.60111041942348,-1.17578293752867,0.77523320945945,-7.47890692128808,1.9758851584039
-0.804158478672263,0.312805015547782,3.406213496945,-0.269854807586979,-0.347160693833855,0.700935988627037,-4.21591987983758,-0.0630508426672497,0.632432794073483,-0.906308376379202,-2.02824885342872,3.61939637489322
-2.23470849312684,-2.58341367443208,-0.733273785041594,-2.35509816818964,1.51405121140397,1.26593177703113,-4.11102412399986,-0.900950073904658,1.93236971203954,-6.41354701516733,3.4673525502239,-0.82768274675895
2.42958172088199,-0.377142446128328,1.34820652698662,-0.866395973450836,-0.919236168942732,-2.52887620623812,3.61394244660645,2.31945122236717,1.46505081369157,-0.549625995548272,-5.81206542789664,-0.170827170613007
0.995510642703275,0.573309832299342,2.23287740532972,-1.44065931973028,-1.78996841942554,1.34502096661827,0.844039006682896,-0.196165981218121,0.697239641658259,0.837671876713796,0.91198467696894,-6.21483722943626
2.18811885189815,0.673834578931812,2.15104686821825,1.09325984087007,-3.43696538580302,3.06897504135733,-7.99605584406103,1.65962910854435,5.91830962768018,2.87839964619577,-0.488318415310587,-0.660753244370198
3.76904513454248,0.771187094892558,-3.63148560028753,-2.5599747677132,-2.53190896358264,-2.65570917191993,0.564516005083203,3.144729050381,-1.35798799125227,-0.290616374632054,-1.14826571138873,-5.09199385490023
0.361473361505454,-0.849049789638742,-1.8150450126471,0.121722258953866,-2.46927136647626,1.82700388007947,0.799202093731197,-0.372720394551403,1.5684235219458,-2.20643632548621,1.66575683124919,6.00361791883912
1.16403350449234,2.16350571214461,-2.85840801270829,1.72828148492645,0.759668018146711,1.93691756883724,2.37308422705317,-3.47843219794604,-1.39946181924891,-1.97326462646143,-4.22384513990608,-0.340295863336778
2.93501723922906,-1.99421574201149,0.0994953514035629,3.82595385487777,2.94363422693645,2.56713975073394,-0.582357173065713,-0.878538884461409,-0.798440505102772,-1.27951305129523,2.43276644570058,3.37771885057415
-1.56521357636374,1.66411433184906,-1.04819182053401,-1.06566505186963,-1.33197665496306,2.27498611727736,0.17928264987207,1.33454423314113,0.243846513196415,-0.328650367363862,0.83252966243395,-0.56620820362013
-1.54131939426877,1.93349499072675,-0.451648842649301,-0.0794593581371991,-0.847480731545377,-0.88630792044936,-2.62142978620288,0.858588869156455,-0.0597770682596887,-0.31187376413099,0.05783247610333,2.94109940314926
1.65481787784505,4.2104590926214,1.51614127357719,1.23414737837973,-2.03771691634556,-2.72516392802417,1.28858617724318,-3.18249548317349,1.41279791453449,0.229242821783144,-0.884586051216255,2.18604150854478
2.12136806645861,-2.77049397580224,-0.715957648023025,-1.0229054575519,-0.524571386218779,1.07645481220108,0.750965873104007,2.08567915347942,4.72435047779989,4.0268325021119,-1.16043234917358,0.941765215061237
-0.00614856248842954,0.660335355940004,3.28717792855787,3.75589002703265,-0.222676882597482,0.170327192498529,-0.188336973979604,0.253557826485427,-0.631820969650863,-1.56814315617575,-0.420383220033323,-8.13425201806731
3.84338072179317,0.16623700131015,1.79119707086594,0.0454765310380161,2.11673987180585,1.0939204898943,2.83807500829005,0.0555733685964524,2.88920212427052,-2.24858130808453,-2.96445133386958,0.303246406913106
-1.38568593196814,-3.54040138809524,1.78638952520072,0.170961204898553,0.407251610733959,0.331919420644696,-3.09768905653048,-0.203057793739865,-0.399468093303969,-1.97492507583507,-0.701975751895507,-1.43378843352347
5.12608506077926,-0.0172985774642298,-2.19555615183155,0.856079873607462,2.08240214697935,1.81661630251439,-1.38866534704911,-0.582299921845472,-1.49114355382752,-4.98002899294538,-1.84840343216462,-1.92885293668608
-2.01198355143054,-1.0029028770077,-3.04645937929557,-1.80343072774919,1.05562372541265,0.757942186598632,-0.377351588090435,-1.4862023481212,-1.18315875731471,0.378767200867967,4.07038637011183,-3.00524777773592
-1.31004060418279,-1.98786482529941,3.15807398058526,2.21516447531887,-3.8454495596443,2.15905922222203,-1.11243654251822,-3.19964942448956,-3.37533683130783,2.00264223555438,3.03245001045904,-1.31961262013047
-0.236645816032887,-0.0829626380335963,0.636764059611834,-0.0377361989713936,-3.57770746430621,-3.98997635024512,-2.55844844464257,-1.12348344759248,0.321047211681323,-0.939730193918056,-1.28807086642099,1.67980387197969
-0.460414114123173,-0.152231485939584,-1.54426054904223,-2.33436966766844,1.80617344350904,-1.85653954785652,-1.10395304305837,0.0581923865556249,0.632265946605236,2.72465399178043,-0.24596683765731,1.49595370654084
1.62049949914921,-0.54538723956567,-3.10547870994704,0.0326856706653936,0.726827440392856,-0.213082084887339,1.31702072889441,-3.73866574406931,-2.51426022723991,-1.62382038816488,-0.368621384220255,9.25146595790567
0.186218995028249,1.6277269701003,-0.156389382505442,1.11520897159097,1.09660349138503,1.34496005562877,-0.893620832188864,3.42938214493377,-1.02048969932956,-1.29304634808956,0.439506552955882,-1.57675170247437
-0.762451058541785,0.957927829667133,-4.8794244937715,-0.587375077376657,2.93296010248883,3.5796132552965,-0.876919173207508,1.77550947316586,-0.0607400332598306,2.77441009930744,0.312344583539242,2.24878016147875
0.770411529387968,-0.374353653050888,1.40743496185264,1.94502387982365,1.17943411260546,2.29949615790823,-4.49479798530559,-1.18578574517556,0.718421479909225,0.611337476385763,-3.68168292450463,0.31299513086706
0.386983767533543,-1.96138964690982,-2.15938148888809,0.606839457694053,0.0882115757217949,2.32498902488995,-5.36599511293531,-0.150374989000988,0.468921684251456,-1.68213060332483,24.7045884870768,-2.20244560802039
4.55551801809827,-1.26732272204437,2.72012324336272,-3.82634342001377,0.77891283193824,0.874603374149298,0.303651640432883,0.497101552843261,-1.77047925188538,0.0393919741757758,-7.37393618537714,0.784588709741212
2.47799870838236,0.874278190604392,-1.10407790510365,0.801587292353571,2.96539022999685,2.14596242274356,12.9624641851627,0.662575673713504,0.59167133715565,3.10580496370773,-0.190863117579469,-1.3118257556396
2.02962784440987,2.71310157120337,0.24488392367712,-0.965194137297546,-2.95441333170158,2.71090739806998,0.382211358232513,-1.4051212690083,-2.15396461100489,-0.252869021876125,-1.12642630878,-2.14669409913445
-1.35656155282798,-0.66182329871162,-0.770188872357387,-0.149412884221433,-1.99719883752305,-0.311954786738985,-1.96954489580783,2.52093425842528,6.14740799574094,-2.34933366466268,-1.44901570471729,-0.232124833168969
0.472034905820651,-1.82886829345245,-2.00321535890793,-2.69302836739859,0.524087978520234,2.48873272846382,-4.55595162954223,-4.64146221982836,0.645068523534312,3.14361673231091,3.08094291769962,2.91069673046649
-2.99798497926072,-0.80921356401989,2.97635899783785,-0.52977023072973,-0.546222414752403,-3.31778275507844,-3.16566779443193,4.13812791654471,-0.767559739334105,1.28291090900954,-3.52266908190873,1.10226756007386
0.839294526526412,-1.95620213729171,1.90495391382526,2.73206452073704,0.611599635631472,1.06541231400425,-0.514470545713943,-0.135069281804288,1.63140933938322,-1.41241986221757,-1.91845950176932,4.93417863661705
-1.72298410580441,-4.83206811463386,2.85009897998104,3.11670467228145,-1.5880321413104,-0.0142400440103045,-3.23467317059606,0.447707217069807,1.65523503209406,-3.05914818137121,-0.531628701166673,-1.92821036265297
-2.46737717739714,1.53791902238073,1.22065650735908,-0.389186041167704,-1.13192037743245,-0.820510847163766,1.68759898729383,-2.59204575709564,0.170158008711588,-1.53118233640038,0.142841589689839,-4.37654297344125
-0.760361342300442,0.0767492865089644,-2.42215393052542,0.942329342840535,0.815397917267708,0.449640410577905,-0.367972281653832,1.84250584976431,1.35515256940374,4.68987333395993,1.29753428752483,-0.238790281914771
1.28722972706563,2.71399206856748,0.592427135279352,-0.248349619530175,3.68338712938543,-0.416448477580278,1.76099633770922,-0.629902332947214,1.04784878536542,-0.846146827325857,2.30246594716809,0.34991806316791
-0.932010929207361,1.73245635203468,-0.424364627601112,-0.0731724936627024,2.4172934203789,1.63406870573085,1.07089074218946,-1.36654929361386,0.558481504235389,-2.19001444099078,3.27352224800806,-2.99697930058855
-2.24083816671055,1.04447629606309,0.323918354251527,0.345733168414705,1.3610122163134,0.968109972857602,-0.816581819720597,-0.158052116219751,1.35269156413128,1.28981350636404,-1.32898672303778,-2.05366946434512
-0.817920330510553,-0.693674983072969,0.92141680476092,-1.42594592508759,1.76345478847382,-2.03264075780739,0.577495721858969,2.37591408502241,-0.108071436038887,-0.628585724943403,0.512894611823691,-1.00444334611289
-1.199656813538,4.10981020499696,0.598060633425985,1.6228615806187,1.65835711291758,2.14768512046123,6.91391331105546,0.343331020198576,-1.79768393602675,1.05391634703948,-0.347613331984345,0.439343089150904
1.25308757474685,-0.66653847307356,3.29766353604364,0.14444969098669,-3.25450149141029,0.64383846608184,1.5020829384874,1.58178867623745,-1.06419484220483,3.15728143438028,0.866204878208516,-0.149651008466187
2.86546612609791,0.960907951069494,-1.35185981989566,2.95452448369825,1.79569338080567,0.0845569606612551,-0.626985461098752,-1.54029013049333,-5.82172122978686,-2.65744343502189,10.4381002910649,-4.09153933818107
-0.525859826010314,-3.6393805928245,4.09287075212674,1.16832138383259,3.04509499140792,0.795812161429727,-1.29772489371515,0.111451135444177,0.555140684543022,-2.17329927181438,-1.43941730631587,-1.36252356491843
1.45323524511917,-1.623400162531,-0.0143511800018749,0.617599694160743,0.817132876422471,-0.585154285087144,0.946281041014096,-1.37317612167473,-0.714635019092615,0.228783831684304,0.525077382666884,1.14517008035881
3.22079034895896,-1.39563662235173,0.485537132144403,0.79007038164201,2.12630727352109,-1.54861329434475,-2.62070772472719,-2.86668494029326,0.279963756706023,-2.06329951291901,1.41811281647629,-3.59646958365609
1.07115290202441,-1.07298329170181,3.09752892806245,0.50492568639812,-3.47351569991848,-0.902144593698366,-1.2004264019712,0.587663061326085,0.0184436540653252,-4.66807813382026,-1.9605768406079,0.265760876199394
-0.318061596040624,-0.822525087348923,-2.20563869298747,0.481675995157769,1.02156041178353,-4.05593254929407,-0.501456932814686,-0.0790186073913232,-1.03198566087529,-3.81560341656572,-4.07209407871821,1.15756732422353
2.45236761232845,2.43728352074256,-0.579895123521085,1.5228590350751,-0.77244330362847,-1.82645977011336,-0.0821323628896671,2.65549284883998,0.110990125999259,-0.189357784885686,1.89728305305975,-3.80421030482941
0.364658497430648,0.986486621856573,0.852430720590528,-2.12374976750713,1.60676670040547,-0.737578793912223,0.39354587841039,3.13159456175058,-1.52431643462698,-1.2669033180854,2.56586574006339,0.981329329885873
1.94760470137251,1.16896301180866,0.642891085756611,-0.737545022333789,-1.88540713685277,-1.45563063995422,0.282360854519837,-1.01426363262342,0.56334587382087,1.59461294172798,-1.53449137853415,2.42066094212874
0.543537650616907,0.549141540349814,-1.16795381740191,-0.126483661829778,1.83324350853734,2.32685695402567,2.19790590249892,0.0303938785114636,-0.887473024056062,-1.27598433141389,2.51608384568609,1.70461813890993
-2.25760480708172,2.90564019842253,-1.44575495056744,-2.0560255987737,4.82908409152081,5.24740456637771,-1.15771064684619,1.57034537412841,-5.04101046760943,-3.04750212788883,-0.411408425005011,4.65724425165364
-0.320277148645105,-0.889032700622621,0.560891499867346,0.0917063012156214,0.513354709865226,1.24857387614517,1.76762691766148,0.331124703047204,-2.303027642072,2.19526014495275,-1.61255392308769,1.32759854685494
-1.14080931739537,4.12114762176459,2.66472304152918,-2.01797991676096,-0.0544724838420017,-3.61271549730701,4.18583922585421,1.92320386925758,3.35378189497377,0.159813128333083,5.31863509395852,-5.94836870406023
-0.58023545590204,2.78413224682134,0.493370911456448,-0.00164668886157536,-2.57620294257585,0.517517432926999,0.924057312777646,-1.48769679642779,-2.30014625056508,1.94785262662774,-1.29449164912512,-0.457523624828529
2.51872854486065,3.31793577882453,-2.07247031941589,-2.32633795020366,-1.3782259286334,0.590530193335171,1.26100264918438,-1.82069553159672,-23.4989013517694,-3.7917508054007,-0.566709637829756,-0.195360707035688
-0.278063295670723,0.796201467723514,-0.427813799695125,0.160942302580676,-1.22467765725619,3.05306166538017,-6.62376708735717,0.102085986951613,0.534938905413171,3.27104542367672,-2.96617535537288,1.75365854392544
-2.20589675442722,0.556565458364888,1.09372624835782,-0.83655101484812,3.16087876702403,-1.51042979695226,-1.75514688754617,4.29991499376192,-0.676156303322109,5.89648610915245,-3.16546545253387,0.882702287195195
0.881688962766829,0.907458244843628,3.10131511023287,3.87211823041963,-0.228096297231113,1.19588490516346,0.963648832490971,2.23211026131649,-1.69662841580009,1.16494332224992,-0.652877964571551,-3.89402614675919
-0.0944767078344657,1.27882003175869,3.96017361132514,-3.11541462879136,-2.28251855754429,-0.870957344560121,1.53744733793672,-1.63890982786105,4.37187776262349,-0.320951180499756,1.38698557804685,-7.02034742566219
2.83009306928032,2.87463731090343,-2.8466768237495,-5.26414903653055,-3.25478552356094,2.04438067006012,0.880706870632893,1.53522834633184,-1.3147253845489,-0.542649491476343,5.07762980346168,2.02830410068271
2.23956323457732,0.00537705386608828,-1.68610806353205,0.783493049808813,-3.60931770658203,1.55247294798819,-2.9264915852764,0.610274172263466,1.39342626178752,-0.268399041456876,0.416146875341344,-0.182547368212459
-1.20971912006748,-2.62796527488656,-0.825793864741443,-0.533670438461648,-0.788408904216301,-3.4316842447315,1.34388271455922,-0.804491148406496,-1.91464989451348,0.376357271173726,-4.05118614194484,-5.21462768066335
3.00909552492309,-0.0577818997145165,-1.22886590863364,-2.46964044217199,-1.25078038335215,-0.824116183984507,-0.0610079403715898,1.78877546510938,-4.57236537605306,4.57789830127894,-2.66944577923275,0.603016265659907
-2.91598649911884,-0.149982685485644,-3.95432530792726,-5.27297246230785,1.13432064289918,4.00276843334809,0.123458319202858,3.47038112683196,-3.39160516728326,0.569439470695423,-3.02953942868752,-0.557968755323389
0.747823779038824,1.54568543699034,3.27359668615679,3.85192556922738,-0.608489977915983,-0.387263398735274,-1.61375244378884,-1.46213650118834,-3.00841460394742,5.77292220405984,0.478894646085817,1.51379202302629
-2.12157589794552,-1.10078654024447,-0.835291821051762,-1.25126561484085,-0.0170867431980065,2.14837852938005,-0.706949485456505,-0.387713711881837,4.21660128676797,3.07786415076679,1.91102567720406,-2.22496320464378
-0.34517052008311,0.918085385016917,1.89150830775444,-0.178854251062817,-0.395263124013513,1.23838384269773,4.35596277920613,2.44956102337889,-1.44779086313874,1.43231129950934,-0.993521639878518,-2.03472284385876
-0.983233974474869,1.45574934773173,-1.21207408164995,1.29540429600337,-0.0679004370294502,0.422790610431177,1.37062855375222,3.69920537784462,3.80955855688055,-0.959195171429893,0.127290189448888,4.85163303905515
-0.277648829606149,-1.70355223166139,-1.61892277537826,1.49697135178129,1.47825110303692,1.72643432862234,0.148097372287513,-9.3391005885743,-1.81441958647209,0.476366524537469,-0.615953328190748,0.102307451005964
-0.619963443009029,0.699887006246811,-2.63069681508511,-3.06476714764305,0.500200280053121,2.9058199938745,2.8942226038758,0.688189013613726,3.32627568128415,0.559872627391612,-3.09409667512106,-0.395100130984308
0.738726301303209,2.38595924876546,2.19255909287944,1.90272685799787,-0.242805899420724,-0.882232461828508,-1.76050605323805,-2.3558240596362,-1.37109335292921,7.47051929302128,-0.18497399406341,0.923521998525018
0.504538737906718,2.09544844178099,-3.90910095266879,-3.52321042403483,2.05973155350437,-2.27303824127276,-0.224801237567679,0.0977262450377875,5.0511391927915,-4.39207630679708,1.99556342068445,24.3824365523515
1.73293664184143,1.19090092149837,2.91524917294528,1.3787767870499,1.34437173071472,4.90998164671481,0.727802906154002,0.160451737600873,1.90544818911638,-0.0703930363744011,5.91337507863899,4.4662245658772
-0.364181075201769,-2.29553108729773,-3.46449680274103,-0.36166001624686,2.31302183792881,0.250965354929947,-2.14140882628656,2.7935813461536,-1.34804670976365,-5.84305911487564,-9.42459487276647,0.305945735680572
-0.265269893705266,-0.11199219724376,-0.995609041256765,-1.47644702831053,1.42208457716928,-0.997604121589942,2.2712095290795,-1.3033778714336,4.05192354472992,7.91335574941963,6.66200868812967,-2.85253958058164
0.124949001452837,-2.63886682150813,-1.03055417039425,-2.59116352051791,-0.828115966020122,2.59540635515271,1.13012235325511,-1.8413158121378,-0.277966694878533,1.32399657288176,-4.4082793494789,-1.2845505953837
1.11347985510705,0.491992973375281,-1.8021830121867,-1.98081901131758,0.00492471050961445,0.770014871985374,0.387537813042923,-1.7679694548672,4.1782864433044,-3.35119259177259,2.15952403024839,-0.792282157267802
2.16469685844964,-3.02036581812703,-0.101441651078377,-1.39075771428032,2.89325723866168,3.00244750228009,-3.34648230216836,-1.63931684381826,-2.47597956962217,-2.46132889311131,-7.22267317564696,-2.84737791156403
3.02029863553299,-0.444921815443176,0.119636903715982,0.646921962388227,-1.95942487815255,1.34825022516765,-1.24863658296512,-1.80629044677724,1.61173282317387,-4.29832095213342,1.4184927285302,-1.20688212279301
-2.64785133249667,-1.00150923634332,-0.997339602086306,-0.873838962243136,0.65410358364013,4.51245453923532,-4.31144931093409,-0.438747021558361,1.98890155985145,1.18374826903192,-1.3745138054951,1.52421182403269
-0.800572054590349,-0.769409345215941,-2.23426984828404,1.58378509906285,0.10191955493309,-1.14889745322481,-2.37322054354448,1.62420920919584,-1.24978531283833,7.4252107478054,0.90784673331406,-0.91681059743817
-3.13377898660287,-1.7042799081044,-0.793526959530006,1.5630621390272,0.210402452555963,-2.92878941286786,-2.65683607088402,0.47151629820172,-0.804188359599665,-0.138912485011213,-3.0526725232025,3.57325553578355
1.87598344265363,1.37478521977229,-2.94772337395073,4.2901383759356,1.56424561958443,-1.21844320454897,-9.7294660040933,0.998980643715633,0.866005026444182,5.4811373423683,-1.12011925661667,0.987085549050182
1.89230876434371,-3.20658351687754,1.23236316370052,2.37113400380222,1.47626123985791,-2.78456737083687,1.06155816867106,0.339833960529316,-2.6407202286901,1.13899530403103,1.26448227659364,-1.97936320960116
-0.385475381295644,0.533983251299455,-0.00365525489486284,0.336567941982616,-0.680990565763099,0.666716822021071,-2.17937035073623,-0.980347625317712,-2.57678784234295,1.41925139024818,2.05108695238497,-3.26559847744216
2.94963137712698,0.381262372784932,0.283185825106978,0.448080463932279,-3.35939371411833,1.78521973668976,-4.95219496815081,-0.772371786299061,0.490283212107568,-6.72909165169497,-5.77000538747567,0.552917899583844
-1.22734274824212,-0.424649950241136,1.77026738466993,-1.49864462426849,1.74203394023109,3.94770122129821,-3.21002959029992,1.02129582040089,8.61478276764069,-0.803787257976673,2.25731907585634,5.05402433086366
4.05942311630286,-2.95384981843119,2.09718556180264,1.28138899458125,0.908483285856391,1.01514728638487,0.964531683670489,6.94280215411338,-0.949542060857892,1.92303265942677,-1.44824831388356,3.0937165411534
4.7750539841093,-1.28454337060318,-1.22788252523834,3.63550285557106,-0.419635625938211,2.98111963882659,3.37474798135738,4.66097173382146,0.441474866261033,0.364631583813271,-1.8186287862729,1.7687001838446
-2.31693942759152,-2.10133983567575,1.54232597065788,-1.73161736697482,1.55501649988637,1.50115989471713,-2.66337178914514,-0.0761849511444119,3.27427433123266,3.26321289663062,2.93294596847019,0.396193546300837
0.461004670404223,-0.133254704326409,-2.06876012555785,4.96889582763248,2.21850394740431,-5.19033452258216,-0.619946063781063,3.55157663074096,4.87731669259756,-1.60570244825643,-5.81770804258882,-0.00205310060524284
-1.72455369524077,-0.931187033670897,0.00514953678023472,-0.968774286368165,3.20232454205924,2.05887374936893,0.0902176655209613,1.25182936753688,-0.324882930733228,4.37510546276106,-0.894933453449028,-1.50293925885353
2.84594258639389,0.218918262334116,0.135141066373747,-0.238144067778002,-1.59990452983701,-1.39139346597925,6.99360381975096,-2.7802498082106,-2.36343756682114,2.01185332462567,0.14028577818145,-12.428386499699
-0.847711072669288,0.756048166959022,4.13182644552495,-1.41051727003924,-3.9490549138078,-1.72290507894339,1.46051471547383,-2.14650632474539,-4.64842145175441,-3.31018221909266,-1.83228416619181,-0.91892835576337
-0.104486732558109,-1.38699872543994,-0.467124594479839,1.28737180935067,-0.185591816709172,-1.07644015162175,-1.34482473445726,0.413770725294829,-2.36747913317269,-0.0830620407150666,1.79894132231277,2.27260023662922
-3.74180332927367,-1.91311697195762,0.88131453980842,-2.32329938968733,-1.11232038530231,1.27108732802976,-0.747886055491803,-0.168512996632281,-1.87501405471566,-3.8185889280305,6.48498644137451,2.51698377889661
2.38852580882693,2.56614333973507,1.96806683616905,2.01504204919801,-1.21651771899095,-0.953077422643502,0.358539591643463,0.572635621276591,-2.97478085469324,-1.49662761215628,0.599076515508772,-1.5938493259244
-0.935856046220271,3.83578743448279,0.728754400653747,0.806908079928779,1.44686968416492,0.0433889974912053,-2.49354317659213,-1.17426874767531,-4.97115877750225,-3.3133323534319,2.91476695982546,-2.86214173468347
1.68516518347009,2.18395734616482,3.51217567834464,4.7418517741822,2.47519130208926,-1.25485633702069,7.02554680482797,-4.14747053735101,0.0976498965656006,-6.34054732096844,-0.435746799674881,1.32985997156283
0.939473082698007,-1.94748322376211,-4.61133003374246,-0.89303616683436,2.90853340834402,2.56758079227965,2.42712847601441,0.355379697140744,3.9548397858916,0.0424836205697347,1.8190206299651,-2.84973082396384
2.19601023115976,-1.09528942804399,0.701533918575529,0.769009726063044,1.18043905028259,-0.00239571444862,-1.17972783835013,-2.0858837662821,2.04046612439837,-2.82586614681814,0.614673233609244,3.19101396959651
-5.01830991926875,-0.0493750221555329,0.402701558960191,1.40619322065051,-1.38265895976737,-1.25390769831248,0.727579967174316,5.62628194284504,-2.81034160769578,-0.103605104690522,-3.01814508021045,-2.65032716506006
0.0503764753205553,-0.367841504203108,-2.86291117943491,-1.22098024807273,1.48156193389876,-1.06473013382403,4.08351880347062,2.73841110528974,0.09920432897354,-1.5524830547154,-3.7441194762782,-5.36696125626661
0.139042681978025,-0.88615593112504,-2.11424452205293,-1.76356835003334,0.675326375175133,4.36534368365706,-0.506526517482938,-1.57729968867445,-0.134477860301705,-0.685776729168307,-1.76849900100849,0.9727730703273
-2.12723899383194,0.118772488885761,-3.02334591564226,-1.28018020704788,-0.658625392376831,-2.60998852347241,6.96454335020582,-0.371663404665417,-3.67965699648126,0.373058164230547,-5.23685224052398,3.61338802665248
